"STATION","DATE","LATITUDE","LONGITUDE","ELEVATION","NAME","TEMP","TEMP_ATTRIBUTES","DEWP","DEWP_ATTRIBUTES","SLP","SLP_ATTRIBUTES","STP","STP_ATTRIBUTES","VISIB","VISIB_ATTRIBUTES","WDSP","WDSP_ATTRIBUTES","MXSPD","GUST","MAX","MAX_ATTRIBUTES","MIN","MIN_ATTRIBUTES","PRCP","PRCP_ATTRIBUTES","SNDP","FRSHTT"
"01001099999","2010-01-03","70.9333333","-8.6666667","9.0","JAN MAYEN NOR NAVY, NO","  22.4"," 7","  12.6"," 4","1032.0"," 6","030.6"," 7"," 15.1"," 7"," 15.0"," 7"," 19.4","999.9","  25.2","*","  21.0","*"," 0.00","F","999.9","000000"
"01001099999","2010-01-04","70.9333333","-8.6666667","9.0","JAN MAYEN NOR NAVY, NO","  21.3","14","  12.4","14","1032.5","14","031.3","14"," 11.7"," 6"," 16.4","14"," 21.4","999.9","  24.3","*","  17.2"," "," 0.00","E","999.9","001000"
"01001099999","2010-01-05","70.9333333","-8.6666667","9.0","JAN MAYEN NOR NAVY, NO","  19.8","24","  12.1","24","1027.3","24","026.1","24"," 11.8"," 5","  6.4","24"," 15.5","999.9","  22.8","*","  16.7","*"," 0.01","G","999.9","001000"
"01001099999","2010-01-06","70.9333333","-8.6666667","9.0","JAN MAYEN NOR NAVY, NO","  27.3","24","  22.5","24","1013.1","24","011.9","24"," 11.1"," 6","  7.8","24"," 15.5","999.9","  29.5"," ","  20.3"," "," 0.00","G","999.9","001000"
"01001099999","2010-01-07","70.9333333","-8.6666667","9.0","JAN MAYEN NOR NAVY, NO","  23.9","23","  17.6","23","1015.3","23","014.1","23"," 13.7"," 5"," 11.0","23"," 17.5","999.9","  27.9","*","  20.1","*"," 0.06","G","999.9","000000"
"01001099999","2010-01-08","70.9333333","-8.6666667","9.0","JAN MAYEN NOR NAVY, NO","  28.3","24","  24.3","24","1010.6","24","009.4","24","  7.2"," 6"," 11.7","24"," 21.4","999.9","  32.2"," ","  20.8"," "," 0.00","G","999.9","001000"
"01001099999","2010-01-09","70.9333333","-8.6666667","9.0","JAN MAYEN NOR NAVY, NO","  37.4","24","  33.6","24","1005.3","24","004.1","24","  3.8"," 6"," 22.2","24"," 29.1","999.9","  40.1"," ","  24.4"," "," 0.01","G","999.9","010000"
"01001099999","2010-01-10","70.9333333","-8.6666667","9.0","JAN MAYEN NOR NAVY, NO","  25.9","24","  22.7","24","1015.4","24","014.2","24","  6.7"," 6"," 16.6","19"," 33.0","999.9","  32.0"," ","  18.7","*"," 0.31","G","999.9","010000"
"01001099999","2010-01-11","70.9333333","-8.6666667","9.0","JAN MAYEN NOR NAVY, NO","  34.1","24","  31.3","24","1019.8","24","018.6","24","  4.9"," 6"," 13.4","24"," 31.1","999.9","  36.1","*","  18.7"," "," 0.03","G","999.9","011000"
"01001099999","2010-01-12","70.9333333","-8.6666667","9.0","JAN MAYEN NOR NAVY, NO","  34.8","24","  30.0","24","1018.0","24","016.8","24"," 13.8"," 5"," 12.6","24"," 29.1","999.9","  38.8","*","  30.7","*"," 0.03","G","999.9","000000"
"01001099999","2010-01-13","70.9333333","-8.6666667","9.0","JAN MAYEN NOR NAVY, NO","  34.7","24","  32.5","24","1010.7","24","009.5","24","  4.1"," 6","  6.9","24"," 11.7","999.9","  35.6","*","  32.2"," "," 0.00","G","999.9","000000"
"01001099999","2010-01-14","70.9333333","-8.6666667","9.0","JAN MAYEN NOR NAVY, NO","  35.6","24","  33.8","24","1007.7","24","006.5","24","  4.4"," 6"," 13.0","24"," 15.5","999.9","  36.5"," ","  34.5"," "," 0.04","G","999.9","010000"
"01001099999","2010-01-15","70.9333333","-8.6666667","9.0","JAN MAYEN NOR NAVY, NO","  35.8","24","  34.1","24","1001.5","24","000.3","24","  4.3"," 6"," 11.3","24"," 17.5","999.9","  36.5"," ","  35.1"," "," 0.00","G","999.9","010000"
"01001099999","2010-01-16","70.9333333","-8.6666667","9.0","JAN MAYEN NOR NAVY, NO","  36.2","24","  35.0","24"," 992.0","21","990.8","21","999.9"," 0","  8.7","21"," 17.5","999.9","  37.2","*","  35.2"," "," 0.26","G","999.9","000000"
"01001099999","2010-01-17","70.9333333","-8.6666667","9.0","JAN MAYEN NOR NAVY, NO","  36.2","24","  35.1","24"," 985.6","18","984.5","18","999.9"," 0"," 11.5","18"," 19.4","999.9","  37.4","*","  35.2","*"," 0.24","G","999.9","000000"
"01001099999","2010-01-18","70.9333333","-8.6666667","9.0","JAN MAYEN NOR NAVY, NO","  33.5","24","  31.1","24"," 990.5","24","989.4","24","  5.3"," 6"," 13.8","24"," 19.4","999.9","  38.7","*","  29.5","*"," 0.17","G","999.9","011000"
"01001099999","2010-01-19","70.9333333","-8.6666667","9.0","JAN MAYEN NOR NAVY, NO","  32.1","24","  28.6","24","1003.9","24","002.7","24","  8.9"," 6","  9.6","24"," 19.4","999.9","  35.4"," ","  28.9","*"," 0.00","G","999.9","010000"
"01001099999","2010-01-20","70.9333333","-8.6666667","9.0","JAN MAYEN NOR NAVY, NO","  36.0","24","  34.5","24","1012.8","22","011.6","22","999.9"," 0"," 12.6","22"," 19.4","999.9","  36.9"," ","  33.6","*"," 0.05","G","999.9","000000"
"01001099999","2010-01-21","70.9333333","-8.6666667","9.0","JAN MAYEN NOR NAVY, NO","  35.9","24","  33.2","24","1018.7","24","017.5","24","  5.4"," 6"," 15.0","24"," 21.4","999.9","  37.0"," ","  34.9","*"," 0.01","G","999.9","000000"
"01001099999","2010-01-22","70.9333333","-8.6666667","9.0","JAN MAYEN NOR NAVY, NO","  36.0","24","  33.7","24","1014.7","24","013.5","24","  6.8"," 6"," 13.3","24"," 17.5","999.9","  37.0","*","  34.7"," "," 0.00","G","999.9","010000"
"01001099999","2010-01-23","70.9333333","-8.6666667","9.0","JAN MAYEN NOR NAVY, NO","  33.4","24","  30.9","24","1013.6","23","012.4","23"," 10.8"," 5"," 11.1","23"," 25.3","999.9","  37.0"," ","  30.2","*"," 0.11","G","999.9","010000"
"01001099999","2010-01-24","70.9333333","-8.6666667","9.0","JAN MAYEN NOR NAVY, NO","  32.8","24","  31.9","24","1019.7","20","018.5","20","999.9"," 0","  7.0","20"," 11.7","999.9","  35.2","*","  29.3"," "," 0.02","G","999.9","000000"
"01001099999","2010-01-25","70.9333333","-8.6666667","9.0","JAN MAYEN NOR NAVY, NO","  36.2","24","  35.2","24","1006.8","21","005.6","21","999.9"," 0"," 16.6","21"," 23.3","999.9","  39.4","*","  34.3","*"," 0.04","G","999.9","010000"
"01001099999","2010-01-26","70.9333333","-8.6666667","9.0","JAN MAYEN NOR NAVY, NO","  26.6","24","  20.9","24"," 998.6","24","997.4","24","  7.7"," 6"," 18.0","24"," 25.3","999.9","  38.1","*","  14.9","*"," 0.07","G","999.9","001000"
"01001099999","2010-01-27","70.9333333","-8.6666667","9.0","JAN MAYEN NOR NAVY, NO","  19.5","24","  11.0","24","1011.0","24","009.8","24"," 10.6"," 6"," 27.7","24"," 33.0","999.9","  21.4"," ","  16.0"," "," 0.01","G","999.9","001000"
"01001099999","2010-01-28","70.9333333","-8.6666667","9.0","JAN MAYEN NOR NAVY, NO","  21.7","24","  15.1","24","1009.7","24","008.5","24","  5.6"," 6"," 19.4","24"," 25.3","999.9","  25.0","*","  17.8"," "," 0.00","G","999.9","001000"
"01001099999","2010-01-29","70.9333333","-8.6666667","9.0","JAN MAYEN NOR NAVY, NO","  25.5","24","  19.8","24","1005.2","24","004.0","24","  4.7"," 6"," 22.3","24"," 27.2","999.9","  27.3"," ","  22.8"," "," 0.04","G","999.9","001000"
"01001099999","2010-01-30","70.9333333","-8.6666667","9.0","JAN MAYEN NOR NAVY, NO","  24.3","24","  18.0","24","1005.9","24","004.7","24","  7.4"," 6"," 21.3","24"," 31.1","999.9","  27.3","*","  21.6","*"," 0.02","G","999.9","001000"
"01001099999","2010-01-31","70.9333333","-8.6666667","9.0","JAN MAYEN NOR NAVY, NO","  27.5","24","  23.0","24","1007.9","24","006.7","24","  7.7"," 5"," 16.6","24"," 21.4","999.9","  28.4"," ","  25.7"," "," 0.01","G","999.9","001000"
"01001099999","2010-02-01","70.9333333","-8.6666667","9.0","JAN MAYEN NOR NAVY, NO","  29.4","24","  25.1","24","1009.5","23","008.3","23"," 11.2"," 5"," 17.0","23"," 23.3","999.9","  30.6"," ","  27.7","*"," 0.04","G","999.9","000000"
"01001099999","2010-02-02","70.9333333","-8.6666667","9.0","JAN MAYEN NOR NAVY, NO","  30.0","24","  23.8","24","1016.2","24","015.0","24","999.9"," 0"," 14.0","24"," 19.4","999.9","  30.9","*","  29.1"," "," 0.00","G","999.9","000000"
"01001099999","2010-02-03","70.9333333","-8.6666667","9.0","JAN MAYEN NOR NAVY, NO","  30.2","24","  25.3","24","1012.1","24","010.9","24"," 14.8"," 6"," 18.0","24"," 25.3","999.9","  32.0","*","  28.6","*"," 0.00","G","999.9","000000"
"01001099999","2010-02-04","70.9333333","-8.6666667","9.0","JAN MAYEN NOR NAVY, NO","  30.6","24","  25.5","24","1012.7","24","011.5","24"," 13.9"," 6","  6.4","24"," 17.5","999.9","  32.9","*","  26.4","*"," 0.04","G","999.9","001000"
"01001099999","2010-02-05","70.9333333","-8.6666667","9.0","JAN MAYEN NOR NAVY, NO","  30.0","24","  25.9","24","1024.4","24","023.2","24"," 15.8"," 6","  4.8","24"," 21.4","999.9","  32.7"," ","  25.2"," "," 0.00","G","999.9","000000"
"01001099999","2010-02-06","70.9333333","-8.6666667","9.0","JAN MAYEN NOR NAVY, NO","  28.1","24","  24.1","24","1031.4","24","030.2","24","  8.7"," 6","  9.9","24"," 19.4","999.9","  29.1"," ","  26.1"," "," 0.00","G","999.9","000000"
"01001099999","2010-02-07","70.9333333","-8.6666667","9.0","JAN MAYEN NOR NAVY, NO","  29.5","24","  23.9","24","1031.8","24","030.6","24"," 10.4"," 5","  9.4","24"," 19.4","999.9","  31.3"," ","  26.4"," "," 0.00","G","999.9","000000"
"01001099999","2010-02-08","70.9333333","-8.6666667","9.0","JAN MAYEN NOR NAVY, NO","  23.5","24","  18.8","24","1026.7","24","025.5","24"," 14.4"," 5","  4.2","24","  7.8","999.9","  25.7","*","  20.1","*"," 0.00","G","999.9","000000"
"01001099999","2010-02-09","70.9333333","-8.6666667","9.0","JAN MAYEN NOR NAVY, NO","  25.0","24","  20.4","24","1021.1","24","019.9","24"," 12.4"," 6"," 11.3","24"," 19.4","999.9","  29.7"," ","  18.9"," "," 0.00","G","999.9","000000"
"01001099999","2010-02-10","70.9333333","-8.6666667","9.0","JAN MAYEN NOR NAVY, NO","  21.3","24","  15.7","24","1018.1","24","016.9","24"," 13.5"," 6","  6.0","24"," 11.7","999.9","  25.7","*","  18.9","*"," 0.00","G","999.9","000000"
"01001099999","2010-02-11","70.9333333","-8.6666667","9.0","JAN MAYEN NOR NAVY, NO","  27.0","24","  24.3","24","1010.2","24","009.0","24","  8.0"," 6","  7.6","24"," 17.5","999.9","  30.4"," ","  21.0"," "," 0.01","G","999.9","001000"
"01001099999","2010-02-12","70.9333333","-8.6666667","9.0","JAN MAYEN NOR NAVY, NO","  21.2","23","  14.4","23","1017.0","23","015.8","23"," 11.9"," 6"," 15.3","23"," 21.4","999.9","  28.8","*","  14.2","*"," 0.01","G","999.9","000000"
"01001099999","2010-02-13","70.9333333","-8.6666667","9.0","JAN MAYEN NOR NAVY, NO","  20.1","24","  10.2","24","1023.9","24","022.7","24"," 16.8"," 5"," 14.0","24"," 21.4","999.9","  22.5"," ","  13.8"," "," 0.00","G","999.9","000000"
"01001099999","2010-02-14","70.9333333","-8.6666667","9.0","JAN MAYEN NOR NAVY, NO","  27.8","24","  21.2","24","1019.6","24","018.4","24"," 13.0"," 5"," 11.1","24"," 21.4","999.9","  32.2","*","  21.7"," "," 0.00","G","999.9","000000"
"01001099999","2010-02-15","70.9333333","-8.6666667","9.0","JAN MAYEN NOR NAVY, NO","  26.5","24","  18.8","24","1025.2","24","024.0","24"," 11.7"," 6"," 15.4","24"," 27.2","999.9","  30.7","*","  21.2","*"," 0.00","G","999.9","000000"
"01001099999","2010-02-16","70.9333333","-8.6666667","9.0","JAN MAYEN NOR NAVY, NO","  23.9","23","  17.6","23","1023.6","23","022.4","23","  5.9"," 6"," 14.4","23"," 23.3","999.9","  25.2"," ","  21.0"," "," 0.00","G","999.9","001000"
"01001099999","2010-02-17","70.9333333","-8.6666667","9.0","JAN MAYEN NOR NAVY, NO","  26.6","24","  23.0","24","1016.0","22","014.8","22","999.9"," 0"," 15.7","22"," 25.3","999.9","  30.7"," ","  20.8","*"," 0.06","G","999.9","000000"
"01001099999","2010-02-18","70.9333333","-8.6666667","9.0","JAN MAYEN NOR NAVY, NO","  29.8","24","  23.4","24","1014.1","23","012.9","23"," 11.9"," 5"," 12.9","22"," 27.2","999.9","  32.4","*","  24.8"," "," 0.02","G","999.9","001000"
"01001099999","2010-02-19","70.9333333","-8.6666667","9.0","JAN MAYEN NOR NAVY, NO","  28.6","22","  21.9","22","1020.7","22","019.5","22"," 10.4"," 5"," 14.7","22"," 23.3","999.9","  30.6","*","  26.1","*"," 0.03","G","999.9","000000"
"01001099999","2010-02-20","70.9333333","-8.6666667","9.0","JAN MAYEN NOR NAVY, NO","  25.3","24","  16.1","24","1022.3","24","021.1","24"," 12.4"," 6"," 12.3","24"," 19.4","999.9","  26.4"," ","  23.2"," "," 0.00","G","999.9","000000"
"01001099999","2010-02-21","70.9333333","-8.6666667","9.0","JAN MAYEN NOR NAVY, NO","  23.4","24","  14.4","24","1018.9","24","017.7","24"," 14.9"," 5"," 19.4","24"," 29.1","999.9","  24.6","*","  21.7"," "," 0.00","G","999.9","000000"
"01001099999","2010-02-22","70.9333333","-8.6666667","9.0","JAN MAYEN NOR NAVY, NO","  24.9","24","  18.2","24","1011.0","24","009.8","24","  9.2"," 5"," 14.1","24"," 27.2","999.9","  27.0"," ","  23.2"," "," 0.02","G","999.9","000000"
"01001099999","2010-02-23","70.9333333","-8.6666667","9.0","JAN MAYEN NOR NAVY, NO","  24.2","24","  20.8","24","1014.1","24","012.9","24","  2.2"," 6"," 21.1","24"," 33.0","999.9","  28.9"," ","  18.3","*"," 0.02","G","999.9","001000"
"01001099999","2010-02-24","70.9333333","-8.6666667","9.0","JAN MAYEN NOR NAVY, NO","  14.2","24","   8.7","24","1017.4","24","016.2","24","  2.4"," 6"," 25.8","24"," 35.0","999.9","  18.3","*","  10.8","*"," 0.04","G","999.9","001000"
"01001099999","2010-02-25","70.9333333","-8.6666667","9.0","JAN MAYEN NOR NAVY, NO","  21.7","24","  18.1","24","1009.4","22","008.2","22","  5.4"," 4"," 23.7","22"," 35.0","999.9","  30.4"," ","  10.4"," "," 0.04","G","999.9","000000"
"01001099999","2010-02-26","70.9333333","-8.6666667","9.0","JAN MAYEN NOR NAVY, NO","  28.4","24","  22.3","24","1007.5","24","006.3","24","  9.9"," 6"," 14.6","24"," 25.3","999.9","  29.7"," ","  26.8"," "," 0.07","G","999.9","001000"
"01001099999","2010-02-27","70.9333333","-8.6666667","9.0","JAN MAYEN NOR NAVY, NO","  27.7","24","  21.2","24","1008.0","24","006.8","24"," 13.7"," 5"," 15.5","24"," 23.3","999.9","  28.8","*","  25.5"," "," 0.00","G","999.9","001000"
"01001099999","2010-02-28","70.9333333","-8.6666667","9.0","JAN MAYEN NOR NAVY, NO","  27.4","24","  21.3","24","1011.5","24","010.3","24"," 13.5"," 6","  8.6","24"," 17.5","999.9","  29.3"," ","  24.6"," "," 0.06","G","999.9","000000"
"01001099999","2010-03-01","70.9333333","-8.6666667","9.0","JAN MAYEN NOR NAVY, NO","  23.6","24","  18.3","24","1013.4","23","012.2","23","  9.2"," 4"," 10.3","23"," 25.3","999.9","  27.3"," ","  20.7"," "," 0.00","G","999.9","001000"
"01001099999","2010-03-02","70.9333333","-8.6666667","9.0","JAN MAYEN NOR NAVY, NO","  25.7","24","  19.4","24","1020.6","24","019.4","24"," 13.5"," 6","  4.9","24"," 15.5","999.9","  28.2"," ","  21.0"," "," 0.11","G","999.9","000000"
"01001099999","2010-03-03","70.9333333","-8.6666667","9.0","JAN MAYEN NOR NAVY, NO","  27.2","20","  22.0","20","1022.0","20","020.8","20"," 13.7"," 5","  6.8","20"," 15.5","999.9","  32.4","*","  22.5"," "," 0.00","G","999.9","000000"
"01001099999","2010-03-04","70.9333333","-8.6666667","9.0","JAN MAYEN NOR NAVY, NO","  30.9","24","  26.7","24","1012.5","24","011.3","24"," 10.4"," 6"," 10.3","24"," 19.4","999.9","  33.1"," ","  28.4","*"," 0.00","G","999.9","000000"
"01001099999","2010-03-05","70.9333333","-8.6666667","9.0","JAN MAYEN NOR NAVY, NO","  28.1","24","  24.4","24","1011.0","24","009.9","24"," 10.4"," 6"," 11.0","24"," 21.4","999.9","  31.5","*","  25.3","*"," 0.00","G","999.9","000000"
"01001099999","2010-03-06","70.9333333","-8.6666667","9.0","JAN MAYEN NOR NAVY, NO","  32.7","19","  29.2","19"," 990.8","17","989.6","17","  4.7"," 5"," 18.5","19"," 23.3","999.9","  35.4","*","  22.6","*"," 0.72","G","999.9","011000"
"01001099999","2010-03-07","70.9333333","-8.6666667","9.0","JAN MAYEN NOR NAVY, NO","  14.6","24","   7.4","24"," 998.3","24","997.1","24","  8.3"," 6"," 15.1","24"," 23.3","999.9","  20.7","*","   8.8","*"," 0.06","G","999.9","001000"
"01001099999","2010-03-08","70.9333333","-8.6666667","9.0","JAN MAYEN NOR NAVY, NO","  19.9","24","  10.3","24","1020.6","24","019.4","24","  8.6"," 5"," 13.3","24"," 21.4","999.9","  24.6","*","   8.1"," "," 0.04","G","999.9","001000"
"01001099999","2010-03-09","70.9333333","-8.6666667","9.0","JAN MAYEN NOR NAVY, NO","  25.3","24","  21.8","24","1012.4","24","011.2","24","  5.6"," 5"," 11.8","24"," 23.3","999.9","  27.9"," ","  23.4"," "," 0.00","G","999.9","001000"
"01001099999","2010-03-10","70.9333333","-8.6666667","9.0","JAN MAYEN NOR NAVY, NO","  20.8","24","  16.3","24","1012.0","24","010.8","24","  3.9"," 5"," 11.7","24"," 17.5","999.9","  23.4","*","  17.6","*"," 0.11","G","999.9","001000"
"01001099999","2010-03-11","70.9333333","-8.6666667","9.0","JAN MAYEN NOR NAVY, NO","  18.2","24","  11.0","24","1018.2","24","017.0","24","  6.7"," 5"," 12.7","24"," 15.5","999.9","  19.2"," ","  17.2"," "," 0.06","G","999.9","001000"
"01001099999","2010-03-12","70.9333333","-8.6666667","9.0","JAN MAYEN NOR NAVY, NO","  19.0","24","  10.6","24","1018.1","24","016.9","24"," 11.8"," 6"," 11.2","24"," 15.5","999.9","  19.6"," ","  18.3","*"," 0.02","G","999.9","001000"
"01001099999","2010-03-13","70.9333333","-8.6666667","9.0","JAN MAYEN NOR NAVY, NO","  19.3","24","  12.0","24","1021.6","24","020.4","24","  7.2"," 6"," 15.5","24"," 21.4","999.9","  20.5"," ","  17.1","*"," 0.00","G","999.9","001000"
"01001099999","2010-03-14","70.9333333","-8.6666667","9.0","JAN MAYEN NOR NAVY, NO","  16.2","24","   9.0","24","1022.2","24","021.0","24","  5.9"," 6"," 15.6","24"," 21.4","999.9","  18.1"," ","  14.4"," "," 0.02","G","999.9","001000"
"01001099999","2010-03-15","70.9333333","-8.6666667","9.0","JAN MAYEN NOR NAVY, NO","  16.0","24","   7.6","24","1019.0","24","017.8","24","  8.3"," 5"," 10.9","24"," 13.6","999.9","  17.4"," ","  15.3"," "," 0.02","G","999.9","001000"
"01001099999","2010-03-16","70.9333333","-8.6666667","9.0","JAN MAYEN NOR NAVY, NO","  17.6","24","   9.5","24","1016.9","24","015.7","24"," 15.2"," 4","  6.2","24","  7.8","999.9","  20.5"," ","  15.1"," "," 0.01","G","999.9","001000"
"01001099999","2010-03-17","70.9333333","-8.6666667","9.0","JAN MAYEN NOR NAVY, NO","  21.5","24","  15.1","24","1011.5","24","010.3","24"," 20.7"," 6","  8.7","24"," 13.6","999.9","  24.4"," ","  15.6"," "," 0.00","G","999.9","000000"
"01001099999","2010-03-18","70.9333333","-8.6666667","9.0","JAN MAYEN NOR NAVY, NO","  25.6","24","  19.1","24","1004.6","24","003.4","24"," 15.0"," 6","  9.1","24"," 15.5","999.9","  27.3"," ","  20.1"," "," 0.00","G","999.9","000000"
"01001099999","2010-03-19","70.9333333","-8.6666667","9.0","JAN MAYEN NOR NAVY, NO","  24.8","24","  20.9","24","1000.2","24","999.0","24","  9.6"," 5"," 19.4","24"," 27.2","999.9","  28.2","*","  22.3"," "," 0.00","G","999.9","001000"
"01001099999","2010-03-20","70.9333333","-8.6666667","9.0","JAN MAYEN NOR NAVY, NO","  21.0","24","  14.8","24","1008.9","24","007.7","24","  8.9"," 6"," 21.7","24"," 29.1","999.9","  26.1","*","  18.1","*"," 0.00","G","999.9","001000"
"01001099999","2010-03-21","70.9333333","-8.6666667","9.0","JAN MAYEN NOR NAVY, NO","  17.6","24","  10.8","24","1017.2","23","016.0","23"," 12.4"," 5"," 15.4","13"," 17.5","999.9","  19.2","*","  16.7","*"," 0.01","E","999.9","001000"
"01001099999","2010-03-22","70.9333333","-8.6666667","9.0","JAN MAYEN NOR NAVY, NO","  21.2","24","  16.1","24","1020.7","24","019.5","24","  5.6"," 5"," 18.7","14"," 23.3","999.9","  22.5"," ","  17.4"," "," 0.01","G","999.9","001000"
"01001099999","2010-03-23","70.9333333","-8.6666667","9.0","JAN MAYEN NOR NAVY, NO","  27.9","24","  23.3","24","1016.2","24","015.0","24","  8.8"," 5"," 15.9","24"," 25.3","999.9","  31.5"," ","  20.3"," "," 0.01","G","999.9","001000"
"01001099999","2010-03-24","70.9333333","-8.6666667","9.0","JAN MAYEN NOR NAVY, NO","  26.8","24","  20.0","24","1018.5","24","017.3","24"," 19.4"," 4"," 14.7","24"," 23.3","999.9","  28.9"," ","  25.0","*"," 0.00","G","999.9","001000"
"01001099999","2010-03-25","70.9333333","-8.6666667","9.0","JAN MAYEN NOR NAVY, NO","  24.1","24","  15.4","24","1018.9","24","017.7","24"," 33.1"," 6","  9.9","24"," 17.5","999.9","  26.4"," ","  19.8"," "," 0.00","G","999.9","000000"
"01001099999","2010-03-26","70.9333333","-8.6666667","9.0","JAN MAYEN NOR NAVY, NO","  22.1","24","  14.8","24","1022.5","24","021.3","24"," 13.4"," 5"," 11.1","24"," 17.5","999.9","  25.0"," ","  19.2"," "," 0.01","E","999.9","001000"
"01001099999","2010-03-27","70.9333333","-8.6666667","9.0","JAN MAYEN NOR NAVY, NO","  24.8","24","  16.5","24","1026.5","24","025.3","24"," 19.2"," 6"," 12.4","24"," 21.4","999.9","  27.0"," ","  20.5"," "," 0.00","F","999.9","001000"
"01001099999","2010-03-28","70.9333333","-8.6666667","9.0","JAN MAYEN NOR NAVY, NO","  22.8","24","  17.7","24","1025.2","24","024.0","24","  9.4"," 5"," 20.5","24"," 33.0","999.9","  24.4"," ","  20.7"," "," 0.00","G","999.9","001000"
"01001099999","2010-03-29","70.9333333","-8.6666667","9.0","JAN MAYEN NOR NAVY, NO","  23.8","24","  18.9","24","1018.8","24","017.6","24","  7.2"," 6"," 22.4","24"," 31.1","999.9","  28.0","*","  20.1"," "," 0.00","H","999.9","001000"
"01001099999","2010-03-30","70.9333333","-8.6666667","9.0","JAN MAYEN NOR NAVY, NO","  25.3","24","  19.1","24","1014.2","24","013.0","24"," 11.8"," 6"," 19.9","24"," 29.1","999.9","  27.1"," ","  22.8","*"," 0.00","G","999.9","001000"
"01001099999","2010-03-31","70.9333333","-8.6666667","9.0","JAN MAYEN NOR NAVY, NO","  22.9","24","  16.9","24","1011.7","24","010.5","24","  9.4"," 5"," 16.8","24"," 23.3","999.9","  25.2"," ","  20.3","*"," 0.00","G","999.9","001000"
"01001099999","2010-04-01","70.9333333","-8.6666667","9.0","JAN MAYEN NOR NAVY, NO","  24.7","24","  20.2","24","1010.8","23","009.6","23"," 12.5"," 6"," 18.6","24"," 25.3","999.9","  32.2","*","  18.1","*"," 0.02","F","999.9","001000"
"01001099999","2010-04-02","70.9333333","-8.6666667","9.0","JAN MAYEN NOR NAVY, NO","  34.7","24","  31.6","24"," 996.0","24","994.8","24","  7.7"," 6"," 19.0","24"," 27.2","999.9","  37.9"," ","  30.0"," "," 0.00","E","999.9","011000"
"01001099999","2010-04-03","70.9333333","-8.6666667","9.0","JAN MAYEN NOR NAVY, NO","  33.3","24","  28.6","24","1003.9","24","002.7","24"," 15.1"," 6","  7.5","24"," 17.5","999.9","  34.7"," ","  32.0"," "," 0.00","G","999.9","101000"
"01001099999","2010-04-04","70.9333333","-8.6666667","9.0","JAN MAYEN NOR NAVY, NO","  32.8","24","  29.3","24","1008.5","24","007.3","24"," 15.9"," 5","  7.5","24"," 17.5","999.9","  36.0"," ","  27.3"," "," 0.02","G","999.9","000000"
"01001099999","2010-04-05","70.9333333","-8.6666667","9.0","JAN MAYEN NOR NAVY, NO","  33.8","24","  31.4","24","1008.1","24","006.9","24"," 14.0"," 5","  5.2","24"," 13.6","999.9","  35.8","*","  31.6"," "," 0.12","G","999.9","011000"
"01001099999","2010-04-06","70.9333333","-8.6666667","9.0","JAN MAYEN NOR NAVY, NO","  37.0","23","  35.3","23"," 996.8","23","995.6","23","  3.3"," 6"," 15.8","23"," 27.2","999.9","  37.9"," ","  34.7"," "," 0.08","G","999.9","010000"
"01001099999","2010-04-07","70.9333333","-8.6666667","9.0","JAN MAYEN NOR NAVY, NO","  35.1","24","  33.1","24"," 995.2","24","994.0","24","  2.6"," 5"," 14.5","24"," 23.3","999.9","  36.7"," ","  31.8","*"," 0.17","G","999.9","000000"
"01001099999","2010-04-08","70.9333333","-8.6666667","9.0","JAN MAYEN NOR NAVY, NO","  32.0","24","  29.3","24","1007.9","24","006.7","24"," 11.1"," 6"," 13.4","24"," 25.3","999.9","  33.4"," ","  30.0","*"," 0.01","G","999.9","111000"
"01001099999","2010-04-09","70.9333333","-8.6666667","9.0","JAN MAYEN NOR NAVY, NO","  32.9","24","  29.8","24","1018.5","24","017.3","24"," 15.5"," 5","  6.0","24"," 17.5","999.9","  35.8"," ","  29.5"," "," 0.00","G","999.9","000000"
"01001099999","2010-04-10","70.9333333","-8.6666667","9.0","JAN MAYEN NOR NAVY, NO","  34.8","24","  33.3","24","1016.1","23","014.9","23","  8.4"," 5","  7.2","23"," 13.6","999.9","  36.7","*","  32.4"," "," 0.00","G","999.9","010000"
"01001099999","2010-04-11","70.9333333","-8.6666667","9.0","JAN MAYEN NOR NAVY, NO","  34.4","24","  31.0","24","1007.1","24","005.9","24","  8.8"," 5"," 14.8","24"," 33.0","999.9","  41.9"," ","  30.2","*"," 0.41","G","999.9","010000"
"01001099999","2010-04-12","70.9333333","-8.6666667","9.0","JAN MAYEN NOR NAVY, NO","  29.0","24","  24.9","24","1017.9","23","016.7","23"," 17.9"," 4","  9.7","23"," 21.4","999.9","  30.7"," ","  26.6","*"," 0.03","G","999.9","001000"
"01001099999","2010-04-13","70.9333333","-8.6666667","9.0","JAN MAYEN NOR NAVY, NO","  29.5","24","  25.7","24","1018.3","24","017.1","24"," 14.0"," 5","  6.8","24"," 35.0","999.9","  33.8","*","  26.6"," "," 0.01","G","999.9","001000"
"01001099999","2010-04-14","70.9333333","-8.6666667","9.0","JAN MAYEN NOR NAVY, NO","  31.0","24","  26.4","24","1008.8","24","007.6","24"," 11.6"," 5"," 15.1","24"," 25.3","999.9","  37.4","*","  27.0","*"," 0.06","G","999.9","011000"
"01001099999","2010-04-15","70.9333333","-8.6666667","9.0","JAN MAYEN NOR NAVY, NO","  22.7","24","  16.2","24","1014.5","24","013.3","24","  6.8"," 5"," 16.3","24"," 21.4","999.9","  27.1","*","  19.6","*"," 0.02","G","999.9","001000"
"01001099999","2010-04-16","70.9333333","-8.6666667","9.0","JAN MAYEN NOR NAVY, NO","  21.3","24","  14.6","24","1014.6","24","013.4","24","  7.5"," 6"," 15.0","24"," 19.4","999.9","  23.5"," ","  19.2"," "," 0.01","G","999.9","001000"
"01001099999","2010-04-17","70.9333333","-8.6666667","9.0","JAN MAYEN NOR NAVY, NO","  21.6","24","  14.0","24","1014.5","24","013.3","24"," 12.3"," 5"," 14.3","24"," 17.5","999.9","  23.0","*","  19.6"," "," 0.01","G","999.9","001000"
"01001099999","2010-04-18","70.9333333","-8.6666667","9.0","JAN MAYEN NOR NAVY, NO","  25.1","24","  18.2","24","1011.6","24","010.4","24"," 23.4"," 6"," 10.8","24"," 17.5","999.9","  28.0"," ","  21.6"," "," 0.00","G","999.9","001000"
"01001099999","2010-04-19","70.9333333","-8.6666667","9.0","JAN MAYEN NOR NAVY, NO","  26.9","23","  20.4","23","1016.2","23","015.0","23"," 20.6"," 6"," 16.1","23"," 27.2","999.9","  30.9"," ","  23.0"," "," 0.02","G","999.9","001000"
"01001099999","2010-04-20","70.9333333","-8.6666667","9.0","JAN MAYEN NOR NAVY, NO","  23.0","24","  15.5","24","1021.7","24","020.5","24"," 15.0"," 6"," 14.7","24"," 19.4","999.9","  25.2","*","  21.6","*"," 0.00","G","999.9","001000"
"01001099999","2010-04-21","70.9333333","-8.6666667","9.0","JAN MAYEN NOR NAVY, NO","  22.5","24","  15.3","24","1022.3","24","021.1","24"," 13.6"," 6"," 15.2","24"," 19.4","999.9","  23.7"," ","  20.3"," "," 0.01","G","999.9","001000"
"01001099999","2010-04-22","70.9333333","-8.6666667","9.0","JAN MAYEN NOR NAVY, NO","  22.3","24","  13.6","24","1017.4","24","016.2","24"," 20.2"," 6","  9.8","24"," 15.5","999.9","  23.9","*","  20.7","*"," 0.02","G","999.9","001000"
"01001099999","2010-04-23","70.9333333","-8.6666667","9.0","JAN MAYEN NOR NAVY, NO","  24.8","24","  18.7","24","1015.5","24","014.3","24"," 11.6"," 6","  8.9","24"," 15.5","999.9","  27.1"," ","  22.6"," "," 0.03","G","999.9","001000"
"01001099999","2010-04-24","70.9333333","-8.6666667","9.0","JAN MAYEN NOR NAVY, NO","  22.8","24","  16.7","24","1022.7","24","021.5","24"," 11.6"," 5"," 18.1","24"," 35.0","999.9","  26.1","*","  19.6","*"," 0.02","G","999.9","001000"
"01001099999","2010-04-25","70.9333333","-8.6666667","9.0","JAN MAYEN NOR NAVY, NO","  19.2","24","  15.9","24","1015.2","24","014.0","24","  4.1"," 5"," 18.0","23"," 29.1","999.9","  26.6","*","  11.7","*"," 0.10","G","999.9","001000"
"01001099999","2010-04-26","70.9333333","-8.6666667","9.0","JAN MAYEN NOR NAVY, NO","  21.8","24","  16.1","24","1015.1","24","013.9","24"," 24.0"," 5"," 13.5","24"," 19.4","999.9","  26.8","*","  14.5"," "," 0.14","G","999.9","000000"
"01001099999","2010-04-27","70.9333333","-8.6666667","9.0","JAN MAYEN NOR NAVY, NO","  27.6","24","  19.2","24","1016.7","24","015.5","24"," 32.3"," 5","  9.9","24"," 17.5","999.9","  31.5"," ","  24.8"," "," 0.01","G","999.9","001000"
"01001099999","2010-04-28","70.9333333","-8.6666667","9.0","JAN MAYEN NOR NAVY, NO","  26.5","23","  18.8","23","1014.4","23","013.2","23"," 36.5"," 4"," 10.5","23"," 17.5","999.9","  29.3","*","  24.6","*"," 0.00","G","999.9","000000"
"01001099999","2010-04-29","70.9333333","-8.6666667","9.0","JAN MAYEN NOR NAVY, NO","  25.4","24","  18.0","24","1014.3","24","013.1","24"," 20.5"," 5"," 11.6","24"," 17.5","999.9","  27.1"," ","  24.4"," "," 0.00","G","999.9","001000"
"01001099999","2010-04-30","70.9333333","-8.6666667","9.0","JAN MAYEN NOR NAVY, NO","  25.7","24","  19.1","24","1013.5","24","012.3","24"," 14.5"," 6"," 11.7","24"," 15.5","999.9","  27.7"," ","  23.7"," "," 0.00","G","999.9","001000"
"01001099999","2010-05-01","70.9333333","-8.6666667","9.0","JAN MAYEN NOR NAVY, NO","  26.4","24","  19.8","24","1014.3","24","013.1","24"," 32.1"," 6"," 10.8","24"," 13.6","999.9","  28.8"," ","  25.0","*"," 0.00","G","999.9","000000"
"01001099999","2010-05-02","70.9333333","-8.6666667","9.0","JAN MAYEN NOR NAVY, NO","  25.5","24","  17.9","24","1021.6","24","020.4","24"," 13.7"," 5"," 14.2","24"," 17.5","999.9","  27.3"," ","  23.9"," "," 0.02","G","999.9","001000"
"01001099999","2010-05-03","70.9333333","-8.6666667","9.0","JAN MAYEN NOR NAVY, NO","  27.7","24","  20.4","24","1024.6","24","023.4","24"," 34.8"," 5"," 11.9","24"," 19.4","999.9","  29.5"," ","  26.2"," "," 0.00","G","999.9","000000"
"01001099999","2010-05-04","70.9333333","-8.6666667","9.0","JAN MAYEN NOR NAVY, NO","  29.6","14","  25.5","14","1023.4","14","022.2","14"," 26.9"," 6"," 10.8","14"," 13.6","999.9","  31.5"," ","  27.5"," "," 0.00","G","999.9","000000"
"01001099999","2010-05-05","70.9333333","-8.6666667","9.0","JAN MAYEN NOR NAVY, NO","  32.5","10","  28.3","10","1023.5","10","022.3","10"," 34.2"," 6","  5.2","10","  9.7","999.9","  34.9"," ","  29.3"," "," 0.00","G","999.9","000000"
"01001099999","2010-05-06","70.9333333","-8.6666667","9.0","JAN MAYEN NOR NAVY, NO","  33.9","17","  32.3","17","1014.6","15","013.4","15","  7.8"," 4"," 14.9","15"," 23.3","999.9","  36.9"," ","  31.5","*"," 0.24","E","999.9","000000"
"01001099999","2010-05-07","70.9333333","-8.6666667","9.0","JAN MAYEN NOR NAVY, NO","  30.3","18","  22.1","18","1018.4","18","017.2","18"," 29.8"," 5"," 11.8","18"," 25.3","999.9","  32.7"," ","  29.1","*"," 0.00","F","999.9","000000"
"01001099999","2010-05-08","70.9333333","-8.6666667","9.0","JAN MAYEN NOR NAVY, NO","  29.5","16","  22.0","16","1015.4","16","014.2","16"," 28.0"," 5"," 16.6","16"," 27.2","999.9","  31.3"," ","  27.7","*"," 0.00","G","999.9","001000"
"01001099999","2010-05-09","70.9333333","-8.6666667","9.0","JAN MAYEN NOR NAVY, NO","  27.7","17","  23.4","17","1020.4","17","019.2","17","  9.8"," 5"," 18.6","17"," 23.3","999.9","  28.9"," ","  26.1","*"," 0.06","G","999.9","001000"
"01001099999","2010-05-10","70.9333333","-8.6666667","9.0","JAN MAYEN NOR NAVY, NO","  27.1","16","  22.3","16","1020.6","16","019.4","16","  8.4"," 6"," 20.2","16"," 25.3","999.9","  28.0","*","  25.5"," "," 0.00","G","999.9","001000"
"01001099999","2010-05-11","70.9333333","-8.6666667","9.0","JAN MAYEN NOR NAVY, NO","  27.2","16","  21.6","16","1017.2","16","016.0","16"," 34.7"," 6","  7.8","16"," 13.6","999.9","  28.0","*","  26.1"," "," 0.01","G","999.9","001000"
"01001099999","2010-05-12","70.9333333","-8.6666667","9.0","JAN MAYEN NOR NAVY, NO","  29.2","24","  23.5","24","1007.8","24","006.6","24"," 37.3"," 6","  7.0","24"," 11.7","999.9","  32.7","*","  26.8"," "," 0.00","G","999.9","000000"
"01001099999","2010-05-13","70.9333333","-8.6666667","9.0","JAN MAYEN NOR NAVY, NO","  35.1","24","  31.5","24","1013.7","23","012.5","23"," 24.9"," 4"," 11.1","23"," 15.5","999.9","  37.6"," ","  30.4"," "," 0.00","G","999.9","010000"
"01001099999","2010-05-14","70.9333333","-8.6666667","9.0","JAN MAYEN NOR NAVY, NO","  37.0","24","  34.0","24","1022.5","24","021.3","24"," 16.2"," 5","  6.7","24"," 15.5","999.9","  39.7"," ","  34.0","*"," 0.07","G","999.9","010000"
"01001099999","2010-05-15","70.9333333","-8.6666667","9.0","JAN MAYEN NOR NAVY, NO","  37.8","24","  34.1","24","1017.9","24","016.7","24"," 20.2"," 6","  7.6","24"," 23.3","999.9","  42.1"," ","  32.9"," "," 0.00","G","999.9","010000"
"01001099999","2010-05-16","70.9333333","-8.6666667","9.0","JAN MAYEN NOR NAVY, NO","  35.9","24","  34.0","24","1016.3","24","015.1","24","  9.6"," 5","  5.9","24"," 17.5","999.9","  39.0","*","  34.2"," "," 0.07","G","999.9","110000"
"01001099999","2010-05-17","70.9333333","-8.6666667","9.0","JAN MAYEN NOR NAVY, NO","  39.6","24","  37.1","24","1006.5","23","005.3","23"," 14.0"," 4"," 11.7","23"," 33.0","999.9","  46.0","*","  32.7","*"," 0.00","G","999.9","000000"
"01001099999","2010-05-18","70.9333333","-8.6666667","9.0","JAN MAYEN NOR NAVY, NO","  34.4","24","  31.2","24","1014.1","24","012.9","24"," 10.9"," 6"," 22.0","24"," 29.1","999.9","  36.1"," ","  32.2"," "," 0.00","G","999.9","000000"
"01001099999","2010-05-19","70.9333333","-8.6666667","9.0","JAN MAYEN NOR NAVY, NO","  35.5","24","  33.6","24","1021.4","24","020.2","24"," 11.8"," 5","  6.1","24"," 11.7","999.9","  39.2"," ","  32.5"," "," 0.08","E","999.9","010000"
"01001099999","2010-05-20","70.9333333","-8.6666667","9.0","JAN MAYEN NOR NAVY, NO","  35.5","24","  34.4","24","1019.6","22","018.4","22","999.9"," 0"," 10.8","22"," 19.4","999.9","  37.2","*","  33.1","*"," 0.00","H","999.9","110000"
"01001099999","2010-05-21","70.9333333","-8.6666667","9.0","JAN MAYEN NOR NAVY, NO","  34.6","24","  29.0","24","1023.6","24","022.3","24"," 29.8"," 5"," 10.7","24"," 23.3","999.9","  37.4"," ","  32.0"," "," 0.00","G","999.9","000000"
"01001099999","2010-05-22","70.9333333","-8.6666667","9.0","JAN MAYEN NOR NAVY, NO","  33.7","24","  29.1","24","1022.2","24","021.0","24"," 28.0"," 6","  8.6","24"," 21.4","999.9","  36.7"," ","  30.0","*"," 0.00","G","999.9","000000"
"01001099999","2010-05-23","70.9333333","-8.6666667","9.0","JAN MAYEN NOR NAVY, NO","  30.5","24","  27.6","24","1022.4","24","021.2","24","  8.3"," 5"," 19.1","24"," 25.3","999.9","  34.0"," ","  28.0"," "," 0.00","G","999.9","101000"
"01001099999","2010-05-24","70.9333333","-8.6666667","9.0","JAN MAYEN NOR NAVY, NO","  30.3","24","  26.4","24","1023.2","24","022.0","24"," 10.7"," 6"," 23.9","24"," 29.1","999.9","  31.8"," ","  27.7"," "," 0.04","G","999.9","001000"
"01001099999","2010-05-25","70.9333333","-8.6666667","9.0","JAN MAYEN NOR NAVY, NO","  33.6","24","  30.4","24","1023.2","24","022.0","24"," 15.6"," 6"," 26.4","24"," 31.1","999.9","  35.2"," ","  30.4"," "," 0.02","G","999.9","001000"
"01001099999","2010-05-26","70.9333333","-8.6666667","9.0","JAN MAYEN NOR NAVY, NO","  36.2","24","  32.3","24","1023.0","24","021.8","24","  7.5"," 5"," 13.4","24"," 33.0","999.9","  39.4"," ","  33.1"," "," 0.00","G","999.9","000000"
"01001099999","2010-05-27","70.9333333","-8.6666667","9.0","JAN MAYEN NOR NAVY, NO","  34.2","24","  29.8","24","1022.3","24","021.1","24"," 16.8"," 5","  8.9","24"," 13.6","999.9","  36.7"," ","  32.7"," "," 0.00","G","999.9","000000"
"01001099999","2010-05-28","70.9333333","-8.6666667","9.0","JAN MAYEN NOR NAVY, NO","  32.6","23","  29.1","23","1019.4","23","018.2","23"," 14.0"," 5","  9.2","23"," 11.7","999.9","  34.5"," ","  30.9"," "," 0.00","G","999.9","001000"
"01001099999","2010-05-29","70.9333333","-8.6666667","9.0","JAN MAYEN NOR NAVY, NO","  32.1","24","  26.7","24","1017.9","24","016.7","24"," 24.4"," 5","  8.5","24"," 11.7","999.9","  33.6"," ","  30.7"," "," 0.00","G","999.9","001000"
"01001099999","2010-05-30","70.9333333","-8.6666667","9.0","JAN MAYEN NOR NAVY, NO","  30.5","24","  26.2","24","1018.4","24","017.2","24"," 13.6"," 6"," 10.4","24"," 17.5","999.9","  32.4"," ","  28.0","*"," 0.00","E","999.9","001000"
"01001099999","2010-05-31","70.9333333","-8.6666667","9.0","JAN MAYEN NOR NAVY, NO","  29.6","24","  23.0","24","1021.0","24","019.8","24"," 28.6"," 5","  8.3","24"," 13.6","999.9","  31.5"," ","  27.5"," "," 0.00","G","999.9","000000"
"01001099999","2010-06-01","70.9333333","-8.6666667","9.0","JAN MAYEN NOR NAVY, NO","  33.9","24","  29.9","24","1013.0","24","011.8","24"," 14.4"," 5","  9.4","24"," 17.5","999.9","  39.7"," ","  28.9"," "," 0.02","G","999.9","001000"
"01001099999","2010-06-02","70.9333333","-8.6666667","9.0","JAN MAYEN NOR NAVY, NO","  34.1","24","  31.8","24","1009.8","24","008.6","24"," 15.0"," 6"," 15.1","24"," 19.4","999.9","  37.2"," ","  31.5","*"," 0.00","G","999.9","100000"
"01001099999","2010-06-03","70.9333333","-8.6666667","9.0","JAN MAYEN NOR NAVY, NO","  33.9","24","  28.7","24","1020.0","24","018.8","24"," 20.5"," 5","  5.7","24"," 11.7","999.9","  38.5"," ","  31.3"," "," 0.00","E","999.9","101000"
"01001099999","2010-06-04","70.9333333","-8.6666667","9.0","JAN MAYEN NOR NAVY, NO","  34.4","24","  29.8","24","1022.4","24","021.2","24"," 27.4"," 6","  5.3","24","  9.7","999.9","  37.6"," ","  29.8"," "," 0.00","G","999.9","100000"
"01001099999","2010-06-05","70.9333333","-8.6666667","9.0","JAN MAYEN NOR NAVY, NO","  35.1","24","  31.6","24","1018.7","24","017.5","24"," 19.2"," 6","  3.4","24","  5.8","999.9","  37.2"," ","  33.6","*"," 0.00","G","999.9","010000"
"01001099999","2010-06-06","70.9333333","-8.6666667","9.0","JAN MAYEN NOR NAVY, NO","  33.2","24","  29.6","24","1017.5","24","016.3","24"," 24.9"," 6","  3.6","24","  5.8","999.9","  34.3"," ","  32.0","*"," 0.00","G","999.9","000000"
"01001099999","2010-06-07","70.9333333","-8.6666667","9.0","JAN MAYEN NOR NAVY, NO","  34.4","24","  29.5","24","1018.3","24","017.1","24"," 19.2"," 6","  5.9","24","  9.7","999.9","  37.8"," ","  30.4"," "," 0.00","G","999.9","000000"
"01001099999","2010-06-08","70.9333333","-8.6666667","9.0","JAN MAYEN NOR NAVY, NO","  35.4","24","  31.7","24","1019.3","24","018.1","24"," 17.4"," 6","  6.1","24"," 11.7","999.9","  36.7"," ","  34.3"," "," 0.01","G","999.9","010000"
"01001099999","2010-06-09","70.9333333","-8.6666667","9.0","JAN MAYEN NOR NAVY, NO","  35.2","24","  33.1","24","1017.7","24","016.5","24"," 13.7"," 5","  5.5","24","  9.7","999.9","  37.4"," ","  32.4"," "," 0.03","G","999.9","011000"
"01001099999","2010-06-10","70.9333333","-8.6666667","9.0","JAN MAYEN NOR NAVY, NO","  37.4","24","  36.6","24","1009.0","19","007.8","19","999.9"," 0","  3.8","19","  5.8","999.9","  38.7","*","  36.1","*"," 0.01","G","999.9","000000"
"01001099999","2010-06-11","70.9333333","-8.6666667","9.0","JAN MAYEN NOR NAVY, NO","  39.2","24","  37.3","24","1010.1","23","008.9","23"," 10.9"," 5"," 10.1","23"," 21.4","999.9","  44.2"," ","  35.8","*"," 0.00","G","999.9","100000"
"01001099999","2010-06-12","70.9333333","-8.6666667","9.0","JAN MAYEN NOR NAVY, NO","  38.5","24","  35.1","24","1013.7","24","012.5","24"," 14.3"," 6"," 13.5","24"," 31.1","999.9","  42.4"," ","  35.1"," "," 0.00","G","999.9","100000"
"01001099999","2010-06-13","70.9333333","-8.6666667","9.0","JAN MAYEN NOR NAVY, NO","  34.6","24","  32.9","24","1015.7","23","014.5","23","  4.3"," 4","  5.3","23","  7.8","999.9","  36.3","*","  32.5","*"," 0.00","G","999.9","100000"
"01001099999","2010-06-14","70.9333333","-8.6666667","9.0","JAN MAYEN NOR NAVY, NO","  37.0","24","  35.6","24","1016.1","20","014.9","20","999.9"," 0","  7.0","20"," 15.5","999.9","  40.1","*","  32.5","*"," 0.00","G","999.9","100000"
"01001099999","2010-06-15","70.9333333","-8.6666667","9.0","JAN MAYEN NOR NAVY, NO","  37.5","24","  36.0","24","1012.5","22","011.3","22","999.9"," 0","  3.9","22","  7.8","999.9","  38.5"," ","  36.5","*"," 0.00","E","999.9","100000"
"01001099999","2010-06-16","70.9333333","-8.6666667","9.0","JAN MAYEN NOR NAVY, NO","  39.9","24","  35.8","24","1012.0","24","010.8","24"," 15.9"," 6","  8.2","24"," 21.4","999.9","  46.0"," ","  36.5"," "," 0.00","G","999.9","100000"
"01001099999","2010-06-17","70.9333333","-8.6666667","9.0","JAN MAYEN NOR NAVY, NO","  36.3","24","  33.1","24","1015.1","24","013.9","24"," 11.3"," 6"," 18.9","24"," 31.1","999.9","  38.1"," ","  33.4","*"," 0.00","E","999.9","110000"
"01001099999","2010-06-18","70.9333333","-8.6666667","9.0","JAN MAYEN NOR NAVY, NO","  38.8","24","  33.2","24","1024.5","24","023.3","24"," 29.8"," 5"," 12.8","24"," 31.1","999.9","  45.0"," ","  31.3"," "," 0.00","G","999.9","000000"
"01001099999","2010-06-19","70.9333333","-8.6666667","9.0","JAN MAYEN NOR NAVY, NO","  35.7","24","  32.8","24","1019.9","23","018.7","23"," 10.9"," 5","  5.6","23","  9.7","999.9","  37.4"," ","  33.6","*"," 0.00","G","999.9","100000"
"01001099999","2010-06-20","70.9333333","-8.6666667","9.0","JAN MAYEN NOR NAVY, NO","  38.2","24","  35.9","24","1014.3","24","013.1","24","  9.8"," 5","  3.8","24","  7.8","999.9","  39.7","*","  36.1"," "," 0.04","E","999.9","010000"
"01001099999","2010-06-21","70.9333333","-8.6666667","9.0","JAN MAYEN NOR NAVY, NO","  36.8","24","  34.4","24","1014.6","23","013.4","23"," 14.4"," 5"," 10.3","23"," 27.2","999.9","  39.4"," ","  33.1","*"," 0.11","G","999.9","010000"
"01001099999","2010-06-22","70.9333333","-8.6666667","9.0","JAN MAYEN NOR NAVY, NO","  34.7","24","  29.2","24","1017.3","24","016.1","24"," 11.9"," 6"," 11.1","24"," 19.4","999.9","  37.0"," ","  32.0"," "," 0.02","G","999.9","001000"
"01001099999","2010-06-23","70.9333333","-8.6666667","9.0","JAN MAYEN NOR NAVY, NO","  37.3","24","  34.1","24","1015.7","24","014.5","24"," 19.9"," 5","  4.7","24","  7.8","999.9","  39.7"," ","  35.4"," "," 0.03","G","999.9","000000"
"01001099999","2010-06-24","70.9333333","-8.6666667","9.0","JAN MAYEN NOR NAVY, NO","  36.4","24","  33.8","24","1017.4","24","016.2","24"," 10.6"," 5","  9.6","24"," 25.3","999.9","  42.3"," ","  34.2","*"," 0.00","G","999.9","100000"
"01001099999","2010-06-25","70.9333333","-8.6666667","9.0","JAN MAYEN NOR NAVY, NO","  35.5","24","  31.5","24","1018.4","24","017.2","24"," 16.1"," 6"," 15.2","24"," 21.4","999.9","  37.8"," ","  34.0"," "," 0.00","E","999.9","010000"
"01001099999","2010-06-26","70.9333333","-8.6666667","9.0","JAN MAYEN NOR NAVY, NO","  38.9","24","  34.0","24","1017.7","24","016.5","24"," 23.8"," 6"," 16.3","24"," 21.4","999.9","  45.5"," ","  34.0"," "," 0.00","G","999.9","000000"
"01001099999","2010-06-27","70.9333333","-8.6666667","9.0","JAN MAYEN NOR NAVY, NO","  38.2","24","  35.3","24","1020.8","24","019.6","24"," 11.9"," 5"," 17.2","24"," 21.4","999.9","  40.1"," ","  36.9"," "," 0.01","G","999.9","110000"
"01001099999","2010-06-28","70.9333333","-8.6666667","9.0","JAN MAYEN NOR NAVY, NO","  37.4","24","  35.4","24","1020.1","24","018.9","24"," 12.4"," 4"," 18.0","24"," 25.3","999.9","  39.2"," ","  36.3","*"," 0.07","G","999.9","010000"
"01001099999","2010-06-29","70.9333333","-8.6666667","9.0","JAN MAYEN NOR NAVY, NO","  37.3","24","  34.6","24","1019.9","24","018.7","24"," 13.8"," 6","  9.9","24"," 15.5","999.9","  42.3"," ","  35.2","*"," 0.04","G","999.9","110000"
"01001099999","2010-06-30","70.9333333","-8.6666667","9.0","JAN MAYEN NOR NAVY, NO","  39.3","24","  35.3","24","1021.0","24","019.8","24"," 19.7"," 6","  5.7","24"," 13.6","999.9","  43.7"," ","  35.1"," "," 0.00","G","999.9","100000"
"01001099999","2010-07-01","70.9333333","-8.6666667","9.0","JAN MAYEN NOR NAVY, NO","  40.0","24","  36.7","24","1020.0","24","018.8","24"," 26.7"," 5","  3.6","24","  7.8","999.9","  41.4"," ","  37.8","*"," 0.00","G","999.9","000000"
"01001099999","2010-07-02","70.9333333","-8.6666667","9.0","JAN MAYEN NOR NAVY, NO","  40.3","24","  36.7","24","1016.6","24","015.4","24"," 32.9"," 5","  8.9","24"," 21.4","999.9","  42.8"," ","  35.6"," "," 0.00","G","999.9","000000"
"01001099999","2010-07-03","70.9333333","-8.6666667","9.0","JAN MAYEN NOR NAVY, NO","  42.9","24","  40.1","24","1007.2","24","006.0","24"," 14.8"," 5"," 13.6","24"," 21.4","999.9","  44.4"," ","  41.0"," "," 0.00","E","999.9","010000"
"01001099999","2010-07-04","70.9333333","-8.6666667","9.0","JAN MAYEN NOR NAVY, NO","  44.0","24","  42.9","24","1005.5","20","004.3","20","999.9"," 0","  3.3","20","  7.8","999.9","  44.8","*","  42.8","*"," 0.02","G","999.9","010000"
"01001099999","2010-07-05","70.9333333","-8.6666667","9.0","JAN MAYEN NOR NAVY, NO","  45.0","24","  43.5","24","1008.7","20","007.5","20","999.9"," 0","  2.2","20","  3.9","999.9","  47.7"," ","  43.5","*"," 0.02","G","999.9","000000"
"01001099999","2010-07-06","70.9333333","-8.6666667","9.0","JAN MAYEN NOR NAVY, NO","  44.4","24","  41.4","24","1008.8","24","007.7","24"," 15.5"," 5","  9.2","24"," 21.4","999.9","  48.6"," ","  38.7","*"," 0.01","G","999.9","100000"
"01001099999","2010-07-07","70.9333333","-8.6666667","9.0","JAN MAYEN NOR NAVY, NO","  39.6","24","  37.1","24","1007.4","24","006.2","24"," 12.8"," 5","  9.8","24"," 15.5","999.9","  41.5"," ","  36.9"," "," 0.00","G","999.9","110000"
"01001099999","2010-07-08","70.9333333","-8.6666667","9.0","JAN MAYEN NOR NAVY, NO","  44.7","24","  41.2","24","1001.7","24","000.6","24"," 16.6"," 6","  5.5","24","  9.7","999.9","  49.1"," ","  38.5"," "," 0.00","G","999.9","000000"
"01001099999","2010-07-09","70.9333333","-8.6666667","9.0","JAN MAYEN NOR NAVY, NO","  46.7","24","  44.6","24"," 996.6","23","995.5","23","  3.5"," 4","  3.0","23","  7.8","999.9","  48.4","*","  45.5","*"," 0.14","G","999.9","110000"
"01001099999","2010-07-10","70.9333333","-8.6666667","9.0","JAN MAYEN NOR NAVY, NO","  44.6","24","  42.6","24","1001.3","24","000.1","24","  6.6"," 6","  3.0","24","  5.8","999.9","  46.4"," ","  42.8"," "," 0.00","G","999.9","100000"
"01001099999","2010-07-11","70.9333333","-8.6666667","9.0","JAN MAYEN NOR NAVY, NO","  41.6","24","  40.4","24","1008.4","21","007.2","21","999.9"," 0","  5.6","21","  9.7","999.9","  43.2","*","  40.6","*"," 0.00","G","999.9","100000"
"01001099999","2010-07-12","70.9333333","-8.6666667","9.0","JAN MAYEN NOR NAVY, NO","  43.0","24","  39.7","24","1009.9","24","008.7","24"," 12.7"," 6","  4.9","24"," 15.5","999.9","  46.9"," ","  40.6"," "," 0.02","G","999.9","100000"
"01001099999","2010-07-13","70.9333333","-8.6666667","9.0","JAN MAYEN NOR NAVY, NO","  42.4","24","  38.0","24","1016.1","24","014.9","24"," 24.1"," 6","  6.4","24"," 13.6","999.9","  45.1"," ","  40.6"," "," 0.00","G","999.9","100000"
"01001099999","2010-07-14","70.9333333","-8.6666667","9.0","JAN MAYEN NOR NAVY, NO","  41.6","24","  39.0","24","1018.9","24","017.7","24"," 21.1"," 5","  4.6","24","  9.7","999.9","  45.5"," ","  40.3"," "," 0.00","G","999.9","110000"
"01001099999","2010-07-15","70.9333333","-8.6666667","9.0","JAN MAYEN NOR NAVY, NO","  40.9","23","  38.5","23","1019.7","23","018.5","23"," 10.9"," 6","  9.3","23"," 11.7","999.9","  43.0"," ","  39.6"," "," 0.00","G","999.9","100000"
"01001099999","2010-07-16","70.9333333","-8.6666667","9.0","JAN MAYEN NOR NAVY, NO","  42.0","24","  38.7","24","1017.8","24","016.6","24"," 19.2"," 6","  4.0","24","  7.8","999.9","  45.1"," ","  39.6"," "," 0.00","E","999.9","110000"
"01001099999","2010-07-17","70.9333333","-8.6666667","9.0","JAN MAYEN NOR NAVY, NO","  44.5","24","  41.6","24","1013.1","24","011.9","24"," 22.4"," 5","  3.1","24","  9.7","999.9","  47.7"," ","  41.9"," "," 0.00","G","999.9","100000"
"01001099999","2010-07-18","70.9333333","-8.6666667","9.0","JAN MAYEN NOR NAVY, NO","  43.9","24","  41.8","24","1005.6","24","004.4","24","  5.0"," 6"," 18.8","24"," 27.2","999.9","  47.8"," ","  40.3","*"," 0.04","G","999.9","110000"
"01001099999","2010-07-19","70.9333333","-8.6666667","9.0","JAN MAYEN NOR NAVY, NO","  39.7","24","  37.4","24","1009.7","24","008.5","24"," 10.3"," 6"," 16.3","24"," 27.2","999.9","  40.6","*","  38.3","*"," 0.00","G","999.9","010000"
"01001099999","2010-07-20","70.9333333","-8.6666667","9.0","JAN MAYEN NOR NAVY, NO","  41.7","22","  36.1","22","1013.2","22","012.0","22"," 19.9"," 5","  9.2","22"," 19.4","999.9","  47.5"," ","  37.9"," "," 0.00","G","999.9","000000"
"01001099999","2010-07-21","70.9333333","-8.6666667","9.0","JAN MAYEN NOR NAVY, NO","  39.0","24","  31.8","24","1014.9","24","013.7","24"," 27.3"," 5","  7.8","24"," 11.7","999.9","  41.2"," ","  36.9"," "," 0.00","G","999.9","000000"
"01001099999","2010-07-22","70.9333333","-8.6666667","9.0","JAN MAYEN NOR NAVY, NO","  41.7","24","  38.5","24","1009.0","24","007.8","24"," 19.3"," 6"," 10.1","24"," 17.5","999.9","  43.9"," ","  38.5"," "," 0.00","G","999.9","110000"
"01001099999","2010-07-23","70.9333333","-8.6666667","9.0","JAN MAYEN NOR NAVY, NO","  42.1","24","  39.2","24","1006.9","24","005.7","24"," 24.0"," 6","  5.1","24"," 11.7","999.9","  47.1"," ","  38.7"," "," 0.01","G","999.9","110000"
"01001099999","2010-07-24","70.9333333","-8.6666667","9.0","JAN MAYEN NOR NAVY, NO","  43.0","24","  41.9","24","1009.1","20","007.9","20","999.9"," 0","  6.3","20"," 11.7","999.9","  44.6","*","  41.2","*"," 0.00","G","999.9","010000"
"01001099999","2010-07-25","70.9333333","-8.6666667","9.0","JAN MAYEN NOR NAVY, NO","  44.1","24","  43.4","24","1013.2","20","012.0","20","999.9"," 0","  4.8","20","  7.8","999.9","  45.5","*","  41.5"," "," 0.00","I","999.9","000000"
"01001099999","2010-07-26","70.9333333","-8.6666667","9.0","JAN MAYEN NOR NAVY, NO","  44.4","24","  43.7","24","1014.5","19","013.3","19","999.9"," 0","  5.0","19","  9.7","999.9","  45.1","*","  43.3","*"," 0.04","G","999.9","100000"
"01001099999","2010-07-27","70.9333333","-8.6666667","9.0","JAN MAYEN NOR NAVY, NO","  46.3","23","  42.6","23","1012.0","23","010.8","23"," 23.3"," 6","  4.3","23","  7.8","999.9","  49.5"," ","  43.3"," "," 0.02","G","999.9","010000"
"01001099999","2010-07-28","70.9333333","-8.6666667","9.0","JAN MAYEN NOR NAVY, NO","  45.5","24","  39.2","24","1017.3","24","016.1","24"," 23.8"," 6","  3.6","24","  7.8","999.9","  48.6"," ","  43.9"," "," 0.00","G","999.9","000000"
"01001099999","2010-07-29","70.9333333","-8.6666667","9.0","JAN MAYEN NOR NAVY, NO","  46.1","24","  43.5","24","1016.5","22","015.3","22","999.9"," 0","  6.1","22"," 11.7","999.9","  48.6","*","  44.6"," "," 0.00","G","999.9","000000"
"01001099999","2010-07-30","70.9333333","-8.6666667","9.0","JAN MAYEN NOR NAVY, NO","  45.5","24","  44.6","24","1013.0","21","011.8","21","999.9"," 0","  4.0","21","  7.8","999.9","  46.6"," ","  45.0","*"," 0.11","G","999.9","100000"
"01001099999","2010-07-31","70.9333333","-8.6666667","9.0","JAN MAYEN NOR NAVY, NO","  45.6","24","  43.8","24","1008.2","24","007.1","24","  4.3"," 5"," 13.0","24"," 27.2","999.9","  48.0","*","  40.6","*"," 0.00","G","999.9","110000"
"01001099999","2010-08-01","70.9333333","-8.6666667","9.0","JAN MAYEN NOR NAVY, NO","  41.7","24","  39.0","24","1011.2","24","010.0","24","  6.5"," 6","  4.4","24","  9.7","999.9","  45.0"," ","  39.2"," "," 0.00","G","999.9","100000"
"01001099999","2010-08-02","70.9333333","-8.6666667","9.0","JAN MAYEN NOR NAVY, NO","  42.2","24","  40.2","24","1011.9","23","010.7","23"," 13.4"," 5","  3.1","23","  5.8","999.9","  45.1"," ","  38.7","*"," 0.00","G","999.9","100000"
"01001099999","2010-08-03","70.9333333","-8.6666667","9.0","JAN MAYEN NOR NAVY, NO","  44.6","24","  40.2","24","1009.4","24","008.2","24"," 32.9"," 5","  3.0","24","  5.8","999.9","  45.9"," ","  43.5"," "," 0.00","G","999.9","000000"
"01001099999","2010-08-04","70.9333333","-8.6666667","9.0","JAN MAYEN NOR NAVY, NO","  44.5","24","  39.1","24","1011.3","24","010.1","24"," 29.0"," 6","  4.6","24"," 11.7","999.9","  46.0"," ","  43.2"," "," 0.00","G","999.9","000000"
"01001099999","2010-08-05","70.9333333","-8.6666667","9.0","JAN MAYEN NOR NAVY, NO","  45.8","24","  39.1","24","1014.6","24","013.4","24"," 29.0"," 6","  3.0","24","  5.8","999.9","  47.7"," ","  43.9"," "," 0.00","G","999.9","000000"
"01001099999","2010-08-06","70.9333333","-8.6666667","9.0","JAN MAYEN NOR NAVY, NO","  45.6","23","  41.9","23","1019.2","23","018.0","23"," 16.6"," 5","  4.1","23","  5.8","999.9","  47.8"," ","  44.4"," "," 0.00","G","999.9","100000"
"01001099999","2010-08-07","70.9333333","-8.6666667","9.0","JAN MAYEN NOR NAVY, NO","  44.3","24","  40.9","24","1020.0","24","018.8","24"," 29.5"," 6","  5.3","24","  9.7","999.9","  46.0"," ","  41.7"," "," 0.00","G","999.9","000000"
"01001099999","2010-08-08","70.9333333","-8.6666667","9.0","JAN MAYEN NOR NAVY, NO","  44.3","24","  42.4","24","1020.7","24","019.5","24"," 11.1"," 5","  9.8","24"," 15.5","999.9","  45.5"," ","  42.8","*"," 0.00","G","999.9","010000"
"01001099999","2010-08-09","70.9333333","-8.6666667","9.0","JAN MAYEN NOR NAVY, NO","  45.1","24","  43.2","24","1014.5","23","013.3","23"," 13.2"," 4","  6.3","23"," 15.5","999.9","  46.8","*","  42.4"," "," 0.00","G","999.9","010000"
"01001099999","2010-08-10","70.9333333","-8.6666667","9.0","JAN MAYEN NOR NAVY, NO","  44.1","24","  40.9","24","1011.1","23","009.9","23"," 19.4"," 4"," 10.1","23"," 17.5","999.9","  45.9","*","  41.5","*"," 0.00","G","999.9","110000"
"01001099999","2010-08-11","70.9333333","-8.6666667","9.0","JAN MAYEN NOR NAVY, NO","  44.4","24","  36.1","24","1016.5","24","015.3","24"," 36.0"," 5"," 10.2","24"," 15.5","999.9","  47.1"," ","  39.7"," "," 0.00","G","999.9","000000"
"01001099999","2010-08-12","70.9333333","-8.6666667","9.0","JAN MAYEN NOR NAVY, NO","  43.7","24","  40.8","24","1011.8","24","010.6","24","  9.0"," 6"," 13.1","24"," 21.4","999.9","  46.6"," ","  41.0","*"," 0.28","G","999.9","110000"
"01001099999","2010-08-13","70.9333333","-8.6666667","9.0","JAN MAYEN NOR NAVY, NO","  42.3","24","  39.9","24","1014.8","24","013.6","24"," 15.0"," 6","  4.0","24"," 17.5","999.9","  43.7"," ","  39.7"," "," 0.03","G","999.9","010000"
"01001099999","2010-08-14","70.9333333","-8.6666667","9.0","JAN MAYEN NOR NAVY, NO","  44.4","24","  37.0","24","1018.3","24","017.1","24"," 29.6"," 6"," 13.0","24"," 21.4","999.9","  47.1"," ","  41.7"," "," 0.09","G","999.9","000000"
"01001099999","2010-08-15","70.9333333","-8.6666667","9.0","JAN MAYEN NOR NAVY, NO","  42.8","24","  39.3","24","1025.0","23","023.8","23"," 23.7"," 5","  6.9","23"," 15.5","999.9","  45.7","*","  39.0"," "," 0.00","G","999.9","100000"
"01001099999","2010-08-16","70.9333333","-8.6666667","9.0","JAN MAYEN NOR NAVY, NO","  46.0","24","  45.1","24","1017.6","22","016.4","22","  2.8"," 4","  8.8","22"," 13.6","999.9","  46.9","*","  41.2"," "," 0.45","G","999.9","010000"
"01001099999","2010-08-17","70.9333333","-8.6666667","9.0","JAN MAYEN NOR NAVY, NO","  47.3","24","  44.5","24","1020.9","22","019.7","22"," 19.4"," 4"," 10.8","22"," 15.5","999.9","  49.3"," ","  45.5","*"," 0.63","G","999.9","000000"
"01001099999","2010-08-18","70.9333333","-8.6666667","9.0","JAN MAYEN NOR NAVY, NO","  43.4","24","  38.2","24","1026.7","24","025.5","24"," 18.0"," 5"," 12.1","24"," 17.5","999.9","  45.3","*","  41.7","*"," 0.00","G","999.9","010000"
"01001099999","2010-08-19","70.9333333","-8.6666667","9.0","JAN MAYEN NOR NAVY, NO","  41.5","24","  35.2","24","1023.0","24","021.8","24"," 24.3"," 6","  9.5","24"," 13.6","999.9","  43.5"," ","  39.4"," "," 0.03","G","999.9","010000"
"01001099999","2010-08-20","70.9333333","-8.6666667","9.0","JAN MAYEN NOR NAVY, NO","  42.3","24","  39.0","24","1016.8","24","015.6","24"," 15.2"," 5"," 14.8","24"," 21.4","999.9","  44.1"," ","  40.1"," "," 0.00","G","999.9","010000"
"01001099999","2010-08-21","70.9333333","-8.6666667","9.0","JAN MAYEN NOR NAVY, NO","  44.9","24","  40.6","24","1011.9","24","010.7","24"," 17.4"," 5"," 11.8","24"," 21.4","999.9","  47.8"," ","  42.4"," "," 0.00","G","999.9","010000"
"01001099999","2010-08-22","70.9333333","-8.6666667","9.0","JAN MAYEN NOR NAVY, NO","  45.5","24","  40.1","24","1012.5","24","011.3","24"," 22.4"," 5"," 14.9","24"," 29.1","999.9","  48.2"," ","  42.4","*"," 0.00","G","999.9","010000"
"01001099999","2010-08-23","70.9333333","-8.6666667","9.0","JAN MAYEN NOR NAVY, NO","  42.5","24","  37.2","24","1015.4","24","014.2","24"," 20.5"," 5","  9.3","24"," 15.5","999.9","  46.0"," ","  39.9","*"," 0.00","G","999.9","100000"
"01001099999","2010-08-24","70.9333333","-8.6666667","9.0","JAN MAYEN NOR NAVY, NO","  42.0","24","  36.3","24","1013.2","24","012.0","24"," 24.9"," 6","  6.8","24"," 17.5","999.9","  44.8"," ","  39.2"," "," 0.00","G","999.9","000000"
"01001099999","2010-08-25","70.9333333","-8.6666667","9.0","JAN MAYEN NOR NAVY, NO","  41.1","24","  36.3","24","1014.7","24","013.5","24"," 19.9"," 5","  5.5","24"," 11.7","999.9","  43.5"," ","  38.1"," "," 0.00","G","999.9","010000"
"01001099999","2010-08-26","70.9333333","-8.6666667","9.0","JAN MAYEN NOR NAVY, NO","  43.5","24","  40.7","24","1013.9","24","012.7","24"," 15.2"," 6","  4.2","24","  9.7","999.9","  45.7"," ","  41.5"," "," 0.02","G","999.9","010000"
"01001099999","2010-08-27","70.9333333","-8.6666667","9.0","JAN MAYEN NOR NAVY, NO","  43.6","24","  40.9","24","1011.1","24","009.9","24"," 23.6"," 5","  4.9","24","  9.7","999.9","  45.1"," ","  41.9"," "," 0.04","G","999.9","000000"
"01001099999","2010-08-28","70.9333333","-8.6666667","9.0","JAN MAYEN NOR NAVY, NO","  44.6","24","  40.3","24","1011.7","24","010.5","24"," 31.1"," 5","  6.0","24"," 13.6","999.9","  48.0"," ","  41.5"," "," 0.00","G","999.9","000000"
"01001099999","2010-08-29","70.9333333","-8.6666667","9.0","JAN MAYEN NOR NAVY, NO","  42.5","24","  37.2","24","1015.1","24","013.9","24"," 16.2"," 5","  9.3","24"," 19.4","999.9","  43.9"," ","  40.3","*"," 0.00","G","999.9","110000"
"01001099999","2010-08-30","70.9333333","-8.6666667","9.0","JAN MAYEN NOR NAVY, NO","  39.5","24","  32.8","24","1012.4","24","011.2","24"," 29.2"," 5"," 12.1","24"," 17.5","999.9","  41.2"," ","  37.9","*"," 0.13","G","999.9","010000"
"01001099999","2010-08-31","70.9333333","-8.6666667","9.0","JAN MAYEN NOR NAVY, NO","  40.2","24","  33.2","24","1017.1","24","015.9","24"," 36.0"," 5","  8.4","24"," 17.5","999.9","  45.0"," ","  37.0"," "," 0.00","G","999.9","000000"
"01001099999","2010-09-01","70.9333333","-8.6666667","9.0","JAN MAYEN NOR NAVY, NO","  42.4","24","  39.3","24","1017.9","24","016.7","24"," 24.7"," 5","  7.5","24"," 11.7","999.9","  45.9"," ","  37.0"," "," 0.00","G","999.9","110000"
"01001099999","2010-09-02","70.9333333","-8.6666667","9.0","JAN MAYEN NOR NAVY, NO","  43.3","23","  41.8","23","1014.5","23","013.3","23"," 10.4"," 6","  6.4","23"," 11.7","999.9","  45.7"," ","  40.3"," "," 0.13","G","999.9","010000"
"01001099999","2010-09-03","70.9333333","-8.6666667","9.0","JAN MAYEN NOR NAVY, NO","  44.4","24","  43.5","24","1013.9","22","012.7","22","999.9"," 0","  6.2","22"," 11.7","999.9","  47.5","*","  41.0"," "," 0.02","G","999.9","100000"
"01001099999","2010-09-04","70.9333333","-8.6666667","9.0","JAN MAYEN NOR NAVY, NO","  44.3","24","  43.6","24","1013.1","18","011.9","18","999.9"," 0","  4.6","18","  9.7","999.9","  45.7","*","  42.4","*"," 0.00","G","999.9","000000"
"01001099999","2010-09-05","70.9333333","-8.6666667","9.0","JAN MAYEN NOR NAVY, NO","  44.7","24","  44.2","24","1017.8","19","016.6","19","999.9"," 0","  8.1","19"," 11.7","999.9","  45.9","*","  43.9","*"," 0.00","G","999.9","000000"
"01001099999","2010-09-06","70.9333333","-8.6666667","9.0","JAN MAYEN NOR NAVY, NO","  44.8","24","  44.3","24","1021.1","19","019.9","19","999.9"," 0","  7.7","19"," 15.5","999.9","  46.0","*","  43.5","*"," 0.03","G","999.9","000000"
"01001099999","2010-09-07","70.9333333","-8.6666667","9.0","JAN MAYEN NOR NAVY, NO","  45.2","23","  43.9","23","1021.2","21","020.0","21"," 14.0"," 4","  7.3","21"," 11.7","999.9","  46.9"," ","  44.6","*"," 0.01","G","999.9","000000"
"01001099999","2010-09-08","70.9333333","-8.6666667","9.0","JAN MAYEN NOR NAVY, NO","  45.2","24","  44.4","24","1019.6","24","018.4","24","  5.7"," 5","  6.2","24"," 11.7","999.9","  46.8"," ","  44.2"," "," 0.00","G","999.9","110000"
"01001099999","2010-09-09","70.9333333","-8.6666667","9.0","JAN MAYEN NOR NAVY, NO","  45.3","24","  43.8","24","1019.0","24","017.8","24"," 10.9"," 6","  4.4","24","  9.7","999.9","  46.8","*","  44.1"," "," 0.00","G","999.9","110000"
"01001099999","2010-09-10","70.9333333","-8.6666667","9.0","JAN MAYEN NOR NAVY, NO","  46.3","23","  45.2","23","1013.3","23","012.1","23","  2.6"," 5"," 10.7","23"," 17.5","999.9","  47.3","*","  45.7","*"," 0.28","G","999.9","010000"
"01001099999","2010-09-11","70.9333333","-8.6666667","9.0","JAN MAYEN NOR NAVY, NO","  45.6","24","  43.9","24","1008.2","23","007.0","23"," 13.2"," 4"," 11.0","23"," 19.4","999.9","  46.2","*","  45.1","*"," 0.00","G","999.9","010000"
"01001099999","2010-09-12","70.9333333","-8.6666667","9.0","JAN MAYEN NOR NAVY, NO","  46.7","24","  45.7","24"," 999.7","23","998.6","23","  7.3"," 4"," 10.8","23"," 15.5","999.9","  47.5","*","  45.3"," "," 0.02","G","999.9","110000"
"01001099999","2010-09-13","70.9333333","-8.6666667","9.0","JAN MAYEN NOR NAVY, NO","  46.2","24","  45.3","24"," 997.3","22","996.2","22","999.9"," 0"," 12.3","22"," 17.5","999.9","  48.0","*","  44.2"," "," 0.16","G","999.9","110000"
"01001099999","2010-09-14","70.9333333","-8.6666667","9.0","JAN MAYEN NOR NAVY, NO","  46.4","24","  43.8","24","1000.3","24","999.2","24","  8.9"," 6"," 18.7","24"," 25.3","999.9","  49.6"," ","  42.8","*"," 0.25","G","999.9","010000"
"01001099999","2010-09-15","70.9333333","-8.6666667","9.0","JAN MAYEN NOR NAVY, NO","  43.3","24","  40.4","24","1012.2","24","011.0","24"," 10.1"," 5"," 18.6","24"," 27.2","999.9","  45.7"," ","  41.4","*"," 0.06","G","999.9","010000"
"01001099999","2010-09-16","70.9333333","-8.6666667","9.0","JAN MAYEN NOR NAVY, NO","  38.2","24","  33.0","24","1016.8","24","015.6","24"," 16.8"," 5"," 21.5","24"," 25.3","999.9","  41.0","*","  36.1","*"," 0.00","G","999.9","111000"
"01001099999","2010-09-17","70.9333333","-8.6666667","9.0","JAN MAYEN NOR NAVY, NO","  37.2","24","  32.6","24","1013.5","24","012.3","24"," 13.5"," 6"," 24.8","24"," 29.1","999.9","  38.7","*","  35.4"," "," 0.09","G","999.9","011000"
"01001099999","2010-09-18","70.9333333","-8.6666667","9.0","JAN MAYEN NOR NAVY, NO","  40.2","24","  37.2","24","1011.8","24","010.6","24","  5.8"," 5"," 21.9","24"," 27.2","999.9","  42.1","*","  37.9"," "," 0.00","G","999.9","011000"
"01001099999","2010-09-19","70.9333333","-8.6666667","9.0","JAN MAYEN NOR NAVY, NO","  40.2","24","  37.1","24","1011.0","24","009.8","24"," 17.9"," 4"," 19.2","24"," 25.3","999.9","  41.7","*","  38.5","*"," 0.21","G","999.9","010000"
"01001099999","2010-09-20","70.9333333","-8.6666667","9.0","JAN MAYEN NOR NAVY, NO","  37.8","24","  34.0","24","1012.6","24","011.4","24"," 14.8"," 4"," 21.0","24"," 25.3","999.9","  39.0"," ","  36.9","*"," 0.03","G","999.9","010000"
"01001099999","2010-09-21","70.9333333","-8.6666667","9.0","JAN MAYEN NOR NAVY, NO","  36.4","24","  31.3","24","1017.8","24","016.6","24"," 18.2"," 6"," 16.9","24"," 23.3","999.9","  39.2"," ","  33.8","*"," 0.02","G","999.9","011000"
"01001099999","2010-09-22","70.9333333","-8.6666667","9.0","JAN MAYEN NOR NAVY, NO","  33.5","24","  23.0","24","1022.0","24","020.8","24"," 21.7"," 6"," 12.3","24"," 19.4","999.9","  34.2"," ","  31.3","*"," 0.02","G","999.9","011000"
"01001099999","2010-09-23","70.9333333","-8.6666667","9.0","JAN MAYEN NOR NAVY, NO","  33.1","24","  22.3","24","1021.7","24","020.5","24"," 27.3"," 5"," 11.9","24"," 17.5","999.9","  33.6"," ","  31.6"," "," 0.02","G","999.9","001000"
"01001099999","2010-09-24","70.9333333","-8.6666667","9.0","JAN MAYEN NOR NAVY, NO","  35.0","24","  29.4","24","1020.1","24","018.9","24"," 24.1"," 4","  5.1","24"," 13.6","999.9","  39.6"," ","  28.0"," "," 0.00","G","999.9","010000"
"01001099999","2010-09-25","70.9333333","-8.6666667","9.0","JAN MAYEN NOR NAVY, NO","  41.9","24","  38.5","24","1014.6","24","013.4","24"," 16.1"," 6"," 11.9","24"," 17.5","999.9","  44.1"," ","  38.5"," "," 0.04","G","999.9","010000"
"01001099999","2010-09-26","70.9333333","-8.6666667","9.0","JAN MAYEN NOR NAVY, NO","  42.5","24","  40.3","24","1014.6","23","013.4","23"," 27.2"," 4","  5.8","23"," 13.6","999.9","  43.9","*","  38.7"," "," 0.00","G","999.9","000000"
"01001099999","2010-09-27","70.9333333","-8.6666667","9.0","JAN MAYEN NOR NAVY, NO","  43.9","24","  42.1","24","1015.5","22","014.3","22","  6.8"," 4"," 15.6","22"," 21.4","999.9","  45.3"," ","  42.8"," "," 0.41","G","999.9","010000"
"01001099999","2010-09-28","70.9333333","-8.6666667","9.0","JAN MAYEN NOR NAVY, NO","  43.4","24","  41.4","24","1012.2","24","011.0","24"," 12.2"," 5"," 11.6","24"," 19.4","999.9","  44.6","*","  42.6","*"," 0.11","G","999.9","110000"
"01001099999","2010-09-29","70.9333333","-8.6666667","9.0","JAN MAYEN NOR NAVY, NO","  44.1","24","  43.2","24","1009.9","20","008.7","20","999.9"," 0","  9.1","20"," 17.5","999.9","  45.1","*","  43.0","*"," 0.01","G","999.9","110000"
"01001099999","2010-09-30","70.9333333","-8.6666667","9.0","JAN MAYEN NOR NAVY, NO","  44.4","24","  43.0","24","1007.3","24","006.1","24","  1.9"," 4"," 11.1","24"," 21.4","999.9","  47.7"," ","  42.8"," "," 0.31","G","999.9","010000"
"01001099999","2010-10-01","70.9333333","-8.6666667","9.0","JAN MAYEN NOR NAVY, NO","  43.5","24","  42.6","24","1009.9","21","008.7","21","999.9"," 0","  5.8","21"," 11.7","999.9","  44.4"," ","  42.1","*"," 0.34","G","999.9","100000"
"01001099999","2010-10-02","70.9333333","-8.6666667","9.0","JAN MAYEN NOR NAVY, NO","  44.8","24","  43.3","24","1008.1","24","006.9","24"," 10.8"," 5"," 12.8","24"," 19.4","999.9","  45.5"," ","  43.0"," "," 0.00","G","999.9","010000"
"01001099999","2010-10-03","70.9333333","-8.6666667","9.0","JAN MAYEN NOR NAVY, NO","  45.1","24","  44.3","24"," 999.8","24","998.7","24","  1.6"," 6"," 10.7","24"," 15.5","999.9","  45.5","*","  44.2"," "," 0.14","G","999.9","110000"
"01001099999","2010-10-04","70.9333333","-8.6666667","9.0","JAN MAYEN NOR NAVY, NO","  43.6","24","  42.2","24"," 985.3","23","984.2","23","  9.3"," 4","  8.5","23"," 17.5","999.9","  45.3"," ","  41.5","*"," 0.21","G","999.9","110000"
"01001099999","2010-10-05","70.9333333","-8.6666667","9.0","JAN MAYEN NOR NAVY, NO","  43.4","24","  40.9","24"," 986.9","24","985.8","24"," 13.0"," 5"," 11.3","24"," 21.4","999.9","  46.8"," ","  40.6"," "," 0.02","G","999.9","010000"
"01001099999","2010-10-06","70.9333333","-8.6666667","9.0","JAN MAYEN NOR NAVY, NO","  45.4","24","  44.4","24"," 983.1","24","982.0","24","  4.2"," 6"," 11.8","24"," 17.5","999.9","  45.9"," ","  44.6"," "," 0.47","G","999.9","010000"
"01001099999","2010-10-07","70.9333333","-8.6666667","9.0","JAN MAYEN NOR NAVY, NO","  43.7","24","  42.5","24"," 988.5","24","987.4","24","  2.6"," 6"," 13.0","24"," 25.3","999.9","  45.9"," ","  38.3","*"," 0.31","G","999.9","110000"
"01001099999","2010-10-08","70.9333333","-8.6666667","9.0","JAN MAYEN NOR NAVY, NO","  37.7","24","  34.5","24","1010.1","24","008.9","24"," 17.0"," 6","  8.7","24"," 23.3","999.9","  42.4","*","  35.6"," "," 0.15","G","999.9","010000"
"01001099999","2010-10-09","70.9333333","-8.6666667","9.0","JAN MAYEN NOR NAVY, NO","  34.3","24","  26.8","24","1024.6","24","023.4","24"," 17.6"," 6","  8.9","24"," 15.5","999.9","  38.7","*","  32.4","*"," 0.13","G","999.9","010000"
"01001099999","2010-10-10","70.9333333","-8.6666667","9.0","JAN MAYEN NOR NAVY, NO","  37.5","24","  32.4","24","1024.8","24","023.6","24"," 18.0"," 5","  9.6","24"," 17.5","999.9","  40.3"," ","  31.6"," "," 0.00","G","999.9","010000"
"01001099999","2010-10-11","70.9333333","-8.6666667","9.0","JAN MAYEN NOR NAVY, NO","  33.0","24","  25.6","24","1027.7","24","026.5","24"," 36.7"," 5"," 10.4","24"," 19.4","999.9","  37.2","*","  30.7","*"," 0.00","G","999.9","000000"
"01001099999","2010-10-12","70.9333333","-8.6666667","9.0","JAN MAYEN NOR NAVY, NO","  33.8","24","  30.4","24","1022.2","24","021.0","24"," 12.7"," 6"," 13.4","24"," 23.3","999.9","  35.6"," ","  31.1","*"," 0.04","G","999.9","011000"
"01001099999","2010-10-13","70.9333333","-8.6666667","9.0","JAN MAYEN NOR NAVY, NO","  29.0","24","  21.7","24","1022.0","24","020.8","24"," 19.9"," 5","  9.6","24"," 19.4","999.9","  30.9","*","  28.4","*"," 0.09","G","999.9","011000"
"01001099999","2010-10-14","70.9333333","-8.6666667","9.0","JAN MAYEN NOR NAVY, NO","  34.6","24","  28.9","24","1018.2","24","017.0","24"," 14.3"," 5","  7.7","24"," 11.7","999.9","  39.0","*","  28.2"," "," 0.00","G","999.9","010000"
"01001099999","2010-10-15","70.9333333","-8.6666667","9.0","JAN MAYEN NOR NAVY, NO","  39.8","24","  37.1","24","1014.0","24","012.8","24"," 13.0"," 5","  6.2","24"," 13.6","999.9","  41.5"," ","  34.9"," "," 0.00","E","999.9","100000"
"01001099999","2010-10-16","70.9333333","-8.6666667","9.0","JAN MAYEN NOR NAVY, NO","  38.6","24","  35.6","24","1006.4","24","005.2","24","  7.5"," 5","  7.8","24"," 13.6","999.9","  41.0"," ","  36.3","*"," 0.04","E","999.9","010000"
"01001099999","2010-10-17","70.9333333","-8.6666667","9.0","JAN MAYEN NOR NAVY, NO","  35.4","24","  31.2","24"," 998.0","24","996.8","24"," 11.4"," 6"," 17.0","24"," 35.0","999.9","  37.4","*","  31.5","*"," 0.00","E","999.9","010000"
"01001099999","2010-10-18","70.9333333","-8.6666667","9.0","JAN MAYEN NOR NAVY, NO","  26.6","19","  17.4","19","1004.6","19","003.4","19"," 10.3"," 5"," 26.7","19"," 31.1","999.9","  30.9","*","  21.6","*"," 0.00","B","999.9","001000"
"01001099999","2010-10-19","70.9333333","-8.6666667","9.0","JAN MAYEN NOR NAVY, NO","  25.7","19","  15.1","19","1008.7","19","007.5","19","  6.7"," 5"," 17.4","19"," 27.2","999.9","  29.8","*","  20.5"," "," 0.00","E","999.9","001000"
"01001099999","2010-10-20","70.9333333","-8.6666667","9.0","JAN MAYEN NOR NAVY, NO","  30.7","24","  25.7","24"," 996.6","24","995.4","24","  4.4"," 4"," 23.8","24"," 35.0","999.9","  35.1","*","  25.0"," "," 0.08","G","999.9","011100"
"01001099999","2010-10-21","70.9333333","-8.6666667","9.0","JAN MAYEN NOR NAVY, NO","  34.0","24","  29.8","24","1009.4","24","008.2","24","  2.6"," 6"," 27.0","24"," 35.0","999.9","  35.2"," ","  32.5"," "," 0.16","G","999.9","001000"
"01001099999","2010-10-22","70.9333333","-8.6666667","9.0","JAN MAYEN NOR NAVY, NO","  32.3","24","  27.1","24","1013.2","24","012.0","24","  9.5"," 6"," 18.2","24"," 25.3","999.9","  34.9","*","  30.0","*"," 0.20","G","999.9","011000"
"01001099999","2010-10-23","70.9333333","-8.6666667","9.0","JAN MAYEN NOR NAVY, NO","  32.1","24","  27.1","24","1012.1","24","010.9","24"," 10.1"," 5"," 17.0","24"," 23.3","999.9","  33.8"," ","  29.8"," "," 0.07","G","999.9","011000"
"01001099999","2010-10-24","70.9333333","-8.6666667","9.0","JAN MAYEN NOR NAVY, NO","  31.5","24","  28.3","24","1014.8","24","013.6","24","  2.6"," 6"," 18.8","24"," 25.3","999.9","  32.7","*","  30.6","*"," 0.09","G","999.9","001000"
"01001099999","2010-10-25","70.9333333","-8.6666667","9.0","JAN MAYEN NOR NAVY, NO","  28.9","23","  23.0","23","1017.1","23","015.9","23"," 11.8"," 5"," 13.3","23"," 19.4","999.9","  31.1","*","  25.3","*"," 0.10","G","999.9","001000"
"01001099999","2010-10-26","70.9333333","-8.6666667","9.0","JAN MAYEN NOR NAVY, NO","  30.1","24","  25.4","24","1011.3","24","010.1","24"," 11.8"," 5"," 11.5","24"," 21.4","999.9","  36.7","*","  23.4"," "," 0.12","G","999.9","001000"
"01001099999","2010-10-27","70.9333333","-8.6666667","9.0","JAN MAYEN NOR NAVY, NO","  31.7","24","  23.8","24","1007.1","24","005.9","24"," 28.0"," 4"," 22.9","24"," 31.1","999.9","  36.0","*","  27.9","*"," 0.02","G","999.9","000000"
"01001099999","2010-10-28","70.9333333","-8.6666667","9.0","JAN MAYEN NOR NAVY, NO","  30.2","24","  21.6","24","1009.2","24","008.0","24"," 22.4"," 5","  9.9","24"," 19.4","999.9","  32.0"," ","  27.3"," "," 0.00","G","999.9","000000"
"01001099999","2010-10-29","70.9333333","-8.6666667","9.0","JAN MAYEN NOR NAVY, NO","  31.6","24","  25.5","24","1008.9","24","007.7","24"," 10.7"," 5"," 10.9","24"," 17.5","999.9","  32.7"," ","  27.9"," "," 0.00","G","999.9","001000"
"01001099999","2010-10-30","70.9333333","-8.6666667","9.0","JAN MAYEN NOR NAVY, NO","  32.4","24","  24.8","24","1001.3","24","000.1","24"," 14.3"," 5"," 15.9","24"," 31.1","999.9","  35.2"," ","  29.8"," "," 0.01","G","999.9","000000"
"01001099999","2010-10-31","70.9333333","-8.6666667","9.0","JAN MAYEN NOR NAVY, NO","  29.7","24","  22.3","24","1000.2","24","999.0","24","  8.1"," 4"," 21.9","24"," 31.1","999.9","  30.7"," ","  28.4"," "," 0.02","G","999.9","001000"
"01001099999","2010-11-01","70.9333333","-8.6666667","9.0","JAN MAYEN NOR NAVY, NO","  29.3","23","  21.7","23","1002.1","23","000.9","23"," 20.5"," 5"," 12.6","23"," 25.3","999.9","  31.1"," ","  27.0","*"," 0.01","G","999.9","001000"
"01001099999","2010-11-02","70.9333333","-8.6666667","9.0","JAN MAYEN NOR NAVY, NO","  32.0","24","  27.5","24"," 990.2","24","989.0","24","  6.5"," 6"," 24.7","24"," 29.1","999.9","  36.7","*","  26.6"," "," 0.00","G","999.9","011000"
"01001099999","2010-11-03","70.9333333","-8.6666667","9.0","JAN MAYEN NOR NAVY, NO","  30.2","18","  23.5","18"," 991.1","18","989.9","18"," 13.0"," 5"," 24.8","18"," 35.0","999.9","  35.6","*","  25.0","*"," 0.06","G","999.9","000000"
"01001099999","2010-11-04","70.9333333","-8.6666667","9.0","JAN MAYEN NOR NAVY, NO","  26.4","21","  17.3","21","1000.7","21","999.5","21"," 24.2"," 5"," 18.7","21"," 25.3","999.9","  28.6"," ","  24.6"," "," 0.00","G","999.9","001000"
"01001099999","2010-11-05","70.9333333","-8.6666667","9.0","JAN MAYEN NOR NAVY, NO","  23.0","23","  16.3","23","1010.2","23","009.0","23"," 21.7"," 5"," 16.6","23"," 21.4","999.9","  25.3","*","  21.4","*"," 0.00","G","999.9","001000"
"01001099999","2010-11-06","70.9333333","-8.6666667","9.0","JAN MAYEN NOR NAVY, NO","  19.9","24","  12.2","24","1012.0","24","010.8","24","  7.5"," 5"," 12.4","24"," 17.5","999.9","  21.2","*","  19.0","*"," 0.03","G","999.9","001000"
"01001099999","2010-11-07","70.9333333","-8.6666667","9.0","JAN MAYEN NOR NAVY, NO","  22.0","24","  14.5","24","1004.0","24","002.8","24"," 13.7"," 5","  5.1","24","  7.8","999.9","  25.2","*","  15.4"," "," 0.00","G","999.9","001000"
"01001099999","2010-11-08","70.9333333","-8.6666667","9.0","JAN MAYEN NOR NAVY, NO","  26.1","24","  19.2","24","1005.6","24","004.4","24"," 18.2"," 6","  8.2","24"," 13.6","999.9","  27.5"," ","  22.8"," "," 0.00","G","999.9","001000"
"01001099999","2010-11-09","70.9333333","-8.6666667","9.0","JAN MAYEN NOR NAVY, NO","  24.5","24","  20.2","24","1008.3","24","007.1","24"," 18.0"," 6"," 11.4","24"," 17.5","999.9","  25.7","*","  22.8","*"," 0.10","G","999.9","001000"
"01001099999","2010-11-10","70.9333333","-8.6666667","9.0","JAN MAYEN NOR NAVY, NO","  24.6","24","  17.5","24","1005.2","24","003.9","24"," 16.4"," 6"," 15.2","24"," 31.1","999.9","  26.6","*","  21.4"," "," 0.01","G","999.9","001000"
"01001099999","2010-11-11","70.9333333","-8.6666667","9.0","JAN MAYEN NOR NAVY, NO","  29.7","24","  28.6","24"," 990.8","21","989.6","21","999.9"," 0"," 31.3","20"," 48.6","999.9","  33.1","*","  25.3","*"," 0.62","G","999.9","001000"
"01001099999","2010-11-12","70.9333333","-8.6666667","9.0","JAN MAYEN NOR NAVY, NO","  32.8","24","  28.4","24"," 995.2","24","994.0","24"," 12.6"," 5"," 19.1","24"," 31.1","999.9","  34.3"," ","  31.3","*"," 0.91","G","999.9","011000"
"01001099999","2010-11-13","70.9333333","-8.6666667","9.0","JAN MAYEN NOR NAVY, NO","  26.9","24","  20.9","24","1000.3","24","999.1","24"," 11.4"," 6"," 24.4","24"," 36.9","999.9","  31.5","*","  23.2","*"," 0.00","G","999.9","000000"
"01001099999","2010-11-14","70.9333333","-8.6666667","9.0","JAN MAYEN NOR NAVY, NO","  23.5","24","  13.8","24","1003.2","24","002.0","24"," 20.2"," 6"," 11.3","24"," 19.4","999.9","  25.7","*","  19.2","*"," 0.01","G","999.9","001000"
"01001099999","2010-11-15","70.9333333","-8.6666667","9.0","JAN MAYEN NOR NAVY, NO","  30.1","24","  23.4","24","1002.5","24","001.3","24"," 14.0"," 4"," 15.2","24"," 21.4","999.9","  35.4","*","  19.4"," "," 0.04","G","999.9","001000"
"01001099999","2010-11-16","70.9333333","-8.6666667","9.0","JAN MAYEN NOR NAVY, NO","  30.7","24","  26.8","24","1007.9","24","006.7","24","999.9"," 0"," 12.3","24"," 25.3","999.9","  35.6","*","  27.3","*"," 0.00","G","999.9","000000"
"01001099999","2010-11-17","70.9333333","-8.6666667","9.0","JAN MAYEN NOR NAVY, NO","  30.4","24","  27.7","24","1005.6","24","004.4","24","  2.5"," 6"," 23.6","24"," 33.0","999.9","  35.6"," ","  27.0","*"," 0.15","G","999.9","011000"
"01001099999","2010-11-18","70.9333333","-8.6666667","9.0","JAN MAYEN NOR NAVY, NO","  27.9","24","  20.8","24","1021.8","24","020.6","24"," 16.6"," 6"," 12.9","24"," 25.3","999.9","  29.8","*","  26.8","*"," 0.13","G","999.9","000000"
"01001099999","2010-11-19","70.9333333","-8.6666667","9.0","JAN MAYEN NOR NAVY, NO","  32.1","24","  28.4","24","1029.5","24","028.3","24","  7.7"," 6","  3.6","24"," 13.6","999.9","  35.2","*","  27.1"," "," 0.00","G","999.9","001000"
"01001099999","2010-11-20","70.9333333","-8.6666667","9.0","JAN MAYEN NOR NAVY, NO","  32.8","24","  27.8","24","1035.2","24","034.0","24"," 24.1"," 4","  5.0","24"," 15.5","999.9","  35.4","*","  30.0","*"," 0.00","G","999.9","000000"
"01001099999","2010-11-21","70.9333333","-8.6666667","9.0","JAN MAYEN NOR NAVY, NO","  33.1","22","  27.1","22","1036.7","22","035.5","22"," 35.0"," 4"," 10.4","22"," 21.4","999.9","  35.4","*","  30.6"," "," 0.00","E","999.9","000000"
"01001099999","2010-11-22","70.9333333","-8.6666667","9.0","JAN MAYEN NOR NAVY, NO","  33.3","24","  31.2","24","1029.2","24","028.0","24","  5.4"," 6","  4.5","24"," 11.7","999.9","  34.7","*","  32.0","*"," 0.12","E","999.9","011000"
"01001099999","2010-11-23","70.9333333","-8.6666667","9.0","JAN MAYEN NOR NAVY, NO","  31.4","23","  27.4","23","1029.0","23","027.8","23"," 10.6"," 5"," 12.2","23"," 19.4","999.9","  34.9","*","  28.0","*"," 0.00","F","999.9","010000"
"01001099999","2010-11-24","70.9333333","-8.6666667","9.0","JAN MAYEN NOR NAVY, NO","  26.9","24","  20.9","24","1028.9","24","027.7","24"," 25.5"," 5"," 15.9","24"," 25.3","999.9","  28.4","*","  24.1","*"," 0.00","G","999.9","001000"
"01001099999","2010-11-25","70.9333333","-8.6666667","9.0","JAN MAYEN NOR NAVY, NO","  28.0","23","  20.9","23","1032.8","23","031.6","23","  9.1"," 5"," 24.1","23"," 31.1","999.9","  31.3"," ","  24.8"," "," 0.01","G","999.9","001000"
"01001099999","2010-11-26","70.9333333","-8.6666667","9.0","JAN MAYEN NOR NAVY, NO","  30.8","24","  23.4","24","1039.2","24","038.0","24"," 16.6"," 6"," 12.3","24"," 23.3","999.9","  33.6"," ","  27.3"," "," 0.00","G","999.9","000000"
"01001099999","2010-11-27","70.9333333","-8.6666667","9.0","JAN MAYEN NOR NAVY, NO","  28.5","23","  19.5","23","1041.5","23","040.3","23"," 16.8"," 5","  9.0","23"," 15.5","999.9","  30.4"," ","  26.2"," "," 0.00","G","999.9","000000"
"01001099999","2010-11-28","70.9333333","-8.6666667","9.0","JAN MAYEN NOR NAVY, NO","  29.9","24","  23.3","24","1035.7","24","034.5","24"," 28.0"," 6","  7.4","24"," 13.6","999.9","  32.9"," ","  25.2"," "," 0.00","G","999.9","000000"
"01001099999","2010-11-29","70.9333333","-8.6666667","9.0","JAN MAYEN NOR NAVY, NO","  33.8","24","  29.7","24","1025.7","24","024.5","24","  7.7"," 5"," 16.2","24"," 21.4","999.9","  35.1","*","  29.8"," "," 0.00","G","999.9","010000"
"01001099999","2010-11-30","70.9333333","-8.6666667","9.0","JAN MAYEN NOR NAVY, NO","  33.8","24","  31.2","24","1016.5","24","015.3","24","  7.1"," 5","  7.9","24"," 13.6","999.9","  36.0"," ","  29.1","*"," 0.02","G","999.9","010000"
"01001099999","2010-12-01","70.9333333","-8.6666667","9.0","JAN MAYEN NOR NAVY, NO","  31.6","24","  25.6","24","1000.8","24","999.6","24"," 17.4"," 5"," 15.2","24"," 29.1","999.9","  36.0"," ","  27.3","*"," 0.00","G","999.9","000000"
"01001099999","2010-12-02","70.9333333","-8.6666667","9.0","JAN MAYEN NOR NAVY, NO","  25.4","24","  21.7","24","1001.8","23","000.6","23","  3.6"," 5"," 18.4","23"," 27.2","999.9","  28.6","*","  21.4","*"," 0.00","G","999.9","001000"
"01001099999","2010-12-03","70.9333333","-8.6666667","9.0","JAN MAYEN NOR NAVY, NO","  27.0","24","  21.7","24","1005.3","24","004.1","24","  9.1"," 5"," 18.7","24"," 23.3","999.9","  28.9","*","  23.5","*"," 0.16","G","999.9","001000"
"01001099999","2010-12-04","70.9333333","-8.6666667","9.0","JAN MAYEN NOR NAVY, NO","  21.1","23","  15.5","23","1006.2","23","005.0","23","  4.1"," 5"," 21.8","23"," 27.2","999.9","  22.6","*","  19.2","*"," 0.02","G","999.9","001000"
"01001099999","2010-12-05","70.9333333","-8.6666667","9.0","JAN MAYEN NOR NAVY, NO","  20.0","23","  14.0","23","1006.4","23","005.2","23","  3.3"," 6"," 21.4","23"," 27.2","999.9","  23.2"," ","  17.6"," "," 0.04","G","999.9","001000"
"01001099999","2010-12-06","70.9333333","-8.6666667","9.0","JAN MAYEN NOR NAVY, NO","  18.5","23","  12.4","23","1007.7","23","006.5","23","  2.6"," 5"," 17.2","23"," 21.4","999.9","  19.8"," ","  17.2","*"," 0.03","G","999.9","001000"
"01001099999","2010-12-07","70.9333333","-8.6666667","9.0","JAN MAYEN NOR NAVY, NO","  18.2","24","  12.4","24","1009.0","24","007.8","24","  2.4"," 5"," 18.9","24"," 25.3","999.9","  21.4"," ","  15.6"," "," 0.03","G","999.9","001000"
"01001099999","2010-12-08","70.9333333","-8.6666667","9.0","JAN MAYEN NOR NAVY, NO","  16.7","24","  10.4","24","1015.7","24","014.5","24","  4.5"," 6"," 16.4","24"," 25.3","999.9","  18.9","*","  15.8"," "," 0.11","G","999.9","001000"
"01001099999","2010-12-09","70.9333333","-8.6666667","9.0","JAN MAYEN NOR NAVY, NO","  23.4","23","  18.3","23","1009.3","23","008.1","23"," 10.0"," 6"," 11.1","23"," 21.4","999.9","  32.7","*","  12.9"," "," 0.00","G","999.9","001000"
"01001099999","2010-12-10","70.9333333","-8.6666667","9.0","JAN MAYEN NOR NAVY, NO","  34.3","24","  32.0","24"," 997.5","24","996.3","24"," 11.7"," 5","  4.3","24","  9.7","999.9","  36.7","*","  30.9"," "," 0.15","G","999.9","011000"
"01001099999","2010-12-11","70.9333333","-8.6666667","9.0","JAN MAYEN NOR NAVY, NO","  30.3","24","  27.5","24","1011.1","24","009.8","24","  3.5"," 5","  9.4","17"," 27.2","999.9","  35.4","*","  24.6","*"," 0.24","G","999.9","010000"
"01001099999","2010-12-12","70.9333333","-8.6666667","9.0","JAN MAYEN NOR NAVY, NO","  27.7","22","  24.1","22","1014.6","22","013.4","22","  7.3"," 5","  7.8","22"," 23.3","999.9","  31.5"," ","  25.5"," "," 0.10","G","999.9","011000"
"01001099999","2010-12-13","70.9333333","-8.6666667","9.0","JAN MAYEN NOR NAVY, NO","  26.0","14","  21.0","14","1022.3","14","021.1","14"," 32.9"," 6","  3.9","14","  7.8","999.9","  29.7","*","  23.4","*"," 0.00","G","999.9","000000"
"01001099999","2010-12-14","70.9333333","-8.6666667","9.0","JAN MAYEN NOR NAVY, NO","  35.4","24","  31.7","24","1017.4","24","016.2","24","  6.8"," 4"," 16.4","24"," 33.0","999.9","  41.5"," ","  23.0"," "," 0.01","E","999.9","001000"
"01001099999","2010-12-15","70.9333333","-8.6666667","9.0","JAN MAYEN NOR NAVY, NO","  19.3","24","  10.2","24","1009.9","24","008.7","24"," 13.2"," 5"," 19.8","24"," 38.9","999.9","  27.1","*","  14.0","*"," 0.11","G","999.9","001000"
"01001099999","2010-12-16","70.9333333","-8.6666667","9.0","JAN MAYEN NOR NAVY, NO","  17.0","24","  12.5","24","1008.8","24","007.6","24","  0.9"," 5"," 24.3","20"," 35.0","999.9","  23.2","*","  12.7"," "," 0.11","G","999.9","001000"
"01001099999","2010-12-17","70.9333333","-8.6666667","9.0","JAN MAYEN NOR NAVY, NO","  33.3","24","  28.7","24","1008.9","24","007.7","24","  7.8"," 5"," 23.0","22"," 42.7","999.9","  37.4","*","  16.2"," "," 0.16","G","999.9","001000"
"01001099999","2010-12-18","70.9333333","-8.6666667","9.0","JAN MAYEN NOR NAVY, NO","  33.3","24","  30.8","24","1028.2","24","027.0","24","  8.0"," 5"," 20.5","24"," 29.1","999.9","  39.0","*","  27.7","*"," 0.03","G","999.9","011000"
"01001099999","2010-12-19","70.9333333","-8.6666667","9.0","JAN MAYEN NOR NAVY, NO","  26.5","24","  23.9","24","1025.4","24","024.2","24","999.9"," 0"," 24.8","24"," 31.1","999.9","  27.1"," ","  24.6","*"," 0.26","G","999.9","001000"
"01001099999","2010-12-20","70.9333333","-8.6666667","9.0","JAN MAYEN NOR NAVY, NO","  18.9","24","  12.6","24","1023.5","24","022.3","24","  2.9"," 6"," 18.2","24"," 23.3","999.9","  24.1","*","  14.5","*"," 0.02","G","999.9","001000"
"01001099999","2010-12-21","70.9333333","-8.6666667","9.0","JAN MAYEN NOR NAVY, NO","  22.5","24","  16.8","24","1016.0","24","014.8","24","  5.7"," 5"," 14.3","24"," 25.3","999.9","  32.4","*","  13.8"," "," 0.03","G","999.9","001000"
"01001099999","2010-12-22","70.9333333","-8.6666667","9.0","JAN MAYEN NOR NAVY, NO","  33.9","24","  29.9","24","1024.5","24","023.3","24"," 12.0"," 4"," 15.5","24"," 27.2","999.9","  35.6"," ","  24.4"," "," 0.03","G","999.9","011000"
"01001099999","2010-12-23","70.9333333","-8.6666667","9.0","JAN MAYEN NOR NAVY, NO","  32.5","24","  29.7","24","1032.4","24","031.2","24","  8.0"," 5","  5.2","24"," 13.6","999.9","  35.6","*","  29.1","*"," 0.06","G","999.9","011100"
"01001099999","2010-12-24","70.9333333","-8.6666667","9.0","JAN MAYEN NOR NAVY, NO","  28.5","24","  25.0","24","1030.1","24","028.9","24"," 11.8"," 5","  4.6","24"," 13.6","999.9","  29.3","*","  26.2","*"," 0.33","G","999.9","001000"
"01001099999","2010-12-25","70.9333333","-8.6666667","9.0","JAN MAYEN NOR NAVY, NO","  26.4","24","  21.1","24","1026.4","24","025.2","24"," 19.7"," 6","  4.0","24"," 11.7","999.9","  29.3"," ","  23.4"," "," 0.01","G","999.9","001000"
"01001099999","2010-12-26","70.9333333","-8.6666667","9.0","JAN MAYEN NOR NAVY, NO","  29.5","24","  26.7","24","1021.8","24","020.6","24"," 22.3"," 6","  9.8","24"," 19.4","999.9","  34.7","*","  22.1"," "," 0.00","G","999.9","001000"
"01001099999","2010-12-27","70.9333333","-8.6666667","9.0","JAN MAYEN NOR NAVY, NO","  35.5","24","  32.3","24","1013.2","24","012.0","24","  8.5"," 6"," 17.6","24"," 25.3","999.9","  36.5"," ","  33.1"," "," 0.00","G","999.9","010000"
"01001099999","2010-12-28","70.9333333","-8.6666667","9.0","JAN MAYEN NOR NAVY, NO","  32.0","24","  30.4","24","1008.4","23","007.2","23","  5.9"," 4","  9.5","23"," 25.3","999.9","  35.2","*","  27.9","*"," 0.16","G","999.9","010000"
"01001099999","2010-12-29","70.9333333","-8.6666667","9.0","JAN MAYEN NOR NAVY, NO","  30.1","24","  28.1","24"," 997.7","24","996.5","24","  2.5"," 5"," 12.8","17"," 21.4","999.9","  32.5"," ","  22.5","*"," 0.24","G","999.9","011000"
"01001099999","2010-12-30","70.9333333","-8.6666667","9.0","JAN MAYEN NOR NAVY, NO","  21.5","24","  14.5","24","1009.9","24","008.7","24","  6.8"," 6"," 17.8","24"," 29.1","999.9","  22.6"," ","  19.0"," "," 0.25","G","999.9","000000"
"01001099999","2010-12-31","70.9333333","-8.6666667","9.0","JAN MAYEN NOR NAVY, NO","  20.8","24","  14.9","24","1016.2","24","015.0","24","  5.5"," 6"," 23.6","24"," 31.1","999.9","  23.0"," ","  17.6","*"," 0.03","G","999.9","001000"
